density_sample_id,hole_id,dataset_id,project_id,campaign_id,from_m,to_m,length_m,density_t_m3
PN-C01-001-D0001,PN-C01-001,DS02,pampa_norte,CAMPAIGN_01,12.941047795,13.941047795,1.000000000,2.719815917
PN-C01-001-D0002,PN-C01-001,DS02,pampa_norte,CAMPAIGN_01,37.941047795,38.941047795,1.000000000,2.732976970
PN-C01-001-D0003,PN-C01-001,DS02,pampa_norte,CAMPAIGN_01,62.941047795,63.941047795,1.000000000,2.688023308
PN-C01-001-D0004,PN-C01-001,DS02,pampa_norte,CAMPAIGN_01,87.941047795,88.941047795,1.000000000,2.684925277
PN-C01-001-D0005,PN-C01-001,DS02,pampa_norte,CAMPAIGN_01,112.941047795,113.941047795,1.000000000,2.692828521
PN-C01-001-D0006,PN-C01-001,DS02,pampa_norte,CAMPAIGN_01,137.941047795,138.941047795,1.000000000,2.716338129
PN-C01-001-D0007,PN-C01-001,DS02,pampa_norte,CAMPAIGN_01,162.941047795,163.941047795,1.000000000,2.717115357
PN-C01-001-D0008,PN-C01-001,DS02,pampa_norte,CAMPAIGN_01,187.941047795,188.941047795,1.000000000,2.727994357
PN-C01-001-D0009,PN-C01-001,DS02,pampa_norte,CAMPAIGN_01,212.941047795,213.941047795,1.000000000,2.699218142
PN-C01-002-D0001,PN-C01-002,DS02,pampa_norte,CAMPAIGN_01,19.420780230,20.420780230,1.000000000,2.690624487
PN-C01-002-D0002,PN-C01-002,DS02,pampa_norte,CAMPAIGN_01,44.420780230,45.420780230,1.000000000,2.713610461
PN-C01-002-D0003,PN-C01-002,DS02,pampa_norte,CAMPAIGN_01,69.420780230,70.420780230,1.000000000,2.696099736
PN-C01-002-D0004,PN-C01-002,DS02,pampa_norte,CAMPAIGN_01,94.420780230,95.420780230,1.000000000,2.704256088
PN-C01-002-D0005,PN-C01-002,DS02,pampa_norte,CAMPAIGN_01,119.420780230,120.420780230,1.000000000,2.720989204
PN-C01-002-D0006,PN-C01-002,DS02,pampa_norte,CAMPAIGN_01,144.420780230,145.420780230,1.000000000,2.700146326
PN-C01-002-D0007,PN-C01-002,DS02,pampa_norte,CAMPAIGN_01,169.420780230,170.420780230,1.000000000,2.633223673
PN-C01-002-D0008,PN-C01-002,DS02,pampa_norte,CAMPAIGN_01,194.420780230,195.420780230,1.000000000,2.636840284
PN-C01-002-D0009,PN-C01-002,DS02,pampa_norte,CAMPAIGN_01,219.420780230,220.420780230,1.000000000,2.622544583
PN-C01-002-D0010,PN-C01-002,DS02,pampa_norte,CAMPAIGN_01,244.420780230,245.420780230,1.000000000,2.654809115
PN-C01-002-D0011,PN-C01-002,DS02,pampa_norte,CAMPAIGN_01,269.420780230,270.420780230,1.000000000,2.637104146
PN-C01-002-D0012,PN-C01-002,DS02,pampa_norte,CAMPAIGN_01,294.420780230,295.420780230,1.000000000,2.619238265
PN-C01-003-D0001,PN-C01-003,DS02,pampa_norte,CAMPAIGN_01,7.521388467,8.521388467,1.000000000,2.134553507
PN-C01-003-D0002,PN-C01-003,DS02,pampa_norte,CAMPAIGN_01,32.521388467,33.521388467,1.000000000,2.717539567
PN-C01-003-D0003,PN-C01-003,DS02,pampa_norte,CAMPAIGN_01,57.521388467,58.521388467,1.000000000,2.706649462
PN-C01-003-D0004,PN-C01-003,DS02,pampa_norte,CAMPAIGN_01,82.521388467,83.521388467,1.000000000,2.723590561
PN-C01-003-D0005,PN-C01-003,DS02,pampa_norte,CAMPAIGN_01,107.521388467,108.521388467,1.000000000,2.691133557
PN-C01-003-D0006,PN-C01-003,DS02,pampa_norte,CAMPAIGN_01,132.521388467,133.521388467,1.000000000,2.686856801
PN-C01-003-D0007,PN-C01-003,DS02,pampa_norte,CAMPAIGN_01,157.521388467,158.521388467,1.000000000,2.695642746
PN-C01-003-D0008,PN-C01-003,DS02,pampa_norte,CAMPAIGN_01,182.521388467,183.521388467,1.000000000,2.721529376
PN-C01-003-D0009,PN-C01-003,DS02,pampa_norte,CAMPAIGN_01,207.521388467,208.521388467,1.000000000,2.716502686
PN-C01-003-D0010,PN-C01-003,DS02,pampa_norte,CAMPAIGN_01,232.521388467,233.521388467,1.000000000,2.724105272
PN-C01-003-D0011,PN-C01-003,DS02,pampa_norte,CAMPAIGN_01,257.521388467,258.521388467,1.000000000,2.645625711
PN-C01-003-D0012,PN-C01-003,DS02,pampa_norte,CAMPAIGN_01,282.521388467,283.521388467,1.000000000,2.667663318
PN-C01-003-D0013,PN-C01-003,DS02,pampa_norte,CAMPAIGN_01,307.521388467,308.521388467,1.000000000,2.636229665
PN-C01-003-D0014,PN-C01-003,DS02,pampa_norte,CAMPAIGN_01,332.521388467,333.521388467,1.000000000,2.627529225
PN-C01-003-D0015,PN-C01-003,DS02,pampa_norte,CAMPAIGN_01,357.521388467,358.521388467,1.000000000,2.616703073
PN-C01-003-D0016,PN-C01-003,DS02,pampa_norte,CAMPAIGN_01,382.521388467,383.521388467,1.000000000,2.644048150
PN-C01-004-D0001,PN-C01-004,DS02,pampa_norte,CAMPAIGN_01,21.054164900,22.054164900,1.000000000,2.697182647
PN-C01-004-D0002,PN-C01-004,DS02,pampa_norte,CAMPAIGN_01,46.054164900,47.054164900,1.000000000,2.707122737
PN-C01-004-D0003,PN-C01-004,DS02,pampa_norte,CAMPAIGN_01,71.054164900,72.054164900,1.000000000,2.711197141
PN-C01-004-D0004,PN-C01-004,DS02,pampa_norte,CAMPAIGN_01,96.054164900,97.054164900,1.000000000,2.693930748
PN-C01-004-D0005,PN-C01-004,DS02,pampa_norte,CAMPAIGN_01,121.054164900,122.054164900,1.000000000,2.654885863
PN-C01-004-D0006,PN-C01-004,DS02,pampa_norte,CAMPAIGN_01,146.054164900,147.054164900,1.000000000,2.673938450
PN-C01-004-D0007,PN-C01-004,DS02,pampa_norte,CAMPAIGN_01,171.054164900,172.054164900,1.000000000,2.732677094
PN-C01-004-D0008,PN-C01-004,DS02,pampa_norte,CAMPAIGN_01,196.054164900,197.054164900,1.000000000,2.727628023
PN-C01-004-D0009,PN-C01-004,DS02,pampa_norte,CAMPAIGN_01,221.054164900,222.054164900,1.000000000,2.693148045
PN-C01-004-D0010,PN-C01-004,DS02,pampa_norte,CAMPAIGN_01,246.054164900,247.054164900,1.000000000,2.734953115
PN-C01-004-D0011,PN-C01-004,DS02,pampa_norte,CAMPAIGN_01,271.054164900,272.054164900,1.000000000,2.720575801
PN-C01-004-D0012,PN-C01-004,DS02,pampa_norte,CAMPAIGN_01,296.054164900,297.054164900,1.000000000,2.736522552
PN-C01-004-D0013,PN-C01-004,DS02,pampa_norte,CAMPAIGN_01,321.054164900,322.054164900,1.000000000,2.690798714
PN-C01-004-D0014,PN-C01-004,DS02,pampa_norte,CAMPAIGN_01,346.054164900,347.054164900,1.000000000,2.675111270
PN-C01-004-D0015,PN-C01-004,DS02,pampa_norte,CAMPAIGN_01,371.054164900,372.054164900,1.000000000,2.710646505
PN-C01-004-D0016,PN-C01-004,DS02,pampa_norte,CAMPAIGN_01,396.054164900,397.054164900,1.000000000,2.686498156
PN-C01-004-D0017,PN-C01-004,DS02,pampa_norte,CAMPAIGN_01,421.054164900,422.054164900,1.000000000,2.713550074
PN-C01-005-D0001,PN-C01-005,DS02,pampa_norte,CAMPAIGN_01,11.712303333,12.712303333,1.000000000,2.626338460
PN-C01-005-D0002,PN-C01-005,DS02,pampa_norte,CAMPAIGN_01,36.712303333,37.712303333,1.000000000,2.643837213
PN-C01-005-D0003,PN-C01-005,DS02,pampa_norte,CAMPAIGN_01,61.712303333,62.712303333,1.000000000,2.631068182
PN-C01-005-D0004,PN-C01-005,DS02,pampa_norte,CAMPAIGN_01,86.712303333,87.712303333,1.000000000,2.618867606
PN-C01-005-D0005,PN-C01-005,DS02,pampa_norte,CAMPAIGN_01,111.712303333,112.712303333,1.000000000,2.645831429
PN-C01-005-D0006,PN-C01-005,DS02,pampa_norte,CAMPAIGN_01,136.712303333,137.712303333,1.000000000,2.642632550
PN-C01-005-D0007,PN-C01-005,DS02,pampa_norte,CAMPAIGN_01,161.712303333,162.712303333,1.000000000,2.697513552
PN-C01-005-D0008,PN-C01-005,DS02,pampa_norte,CAMPAIGN_01,186.712303333,187.712303333,1.000000000,2.629976380
PN-C01-005-D0009,PN-C01-005,DS02,pampa_norte,CAMPAIGN_01,211.712303333,212.712303333,1.000000000,2.622216980
PN-C01-006-D0001,PN-C01-006,DS02,pampa_norte,CAMPAIGN_01,3.039796810,4.039796810,1.000000000,2.159897061
PN-C01-006-D0002,PN-C01-006,DS02,pampa_norte,CAMPAIGN_01,28.039796810,29.039796810,1.000000000,2.683188168
PN-C01-006-D0003,PN-C01-006,DS02,pampa_norte,CAMPAIGN_01,53.039796810,54.039796810,1.000000000,2.649472883
PN-C01-006-D0004,PN-C01-006,DS02,pampa_norte,CAMPAIGN_01,78.039796810,79.039796810,1.000000000,2.590463405
PN-C01-006-D0005,PN-C01-006,DS02,pampa_norte,CAMPAIGN_01,103.039796810,104.039796810,1.000000000,2.640884483
PN-C01-006-D0006,PN-C01-006,DS02,pampa_norte,CAMPAIGN_01,128.039796810,129.039796810,1.000000000,2.654956364
PN-C01-006-D0007,PN-C01-006,DS02,pampa_norte,CAMPAIGN_01,153.039796810,154.039796810,1.000000000,2.660849978
PN-C01-006-D0008,PN-C01-006,DS02,pampa_norte,CAMPAIGN_01,178.039796810,179.039796810,1.000000000,2.604677522
PN-C01-006-D0009,PN-C01-006,DS02,pampa_norte,CAMPAIGN_01,203.039796810,204.039796810,1.000000000,2.625904458
PN-C01-006-D0010,PN-C01-006,DS02,pampa_norte,CAMPAIGN_01,228.039796810,229.039796810,1.000000000,2.657809521
PN-C01-007-D0001,PN-C01-007,DS02,pampa_norte,CAMPAIGN_01,2.464608921,3.464608921,1.000000000,2.166515826
PN-C01-007-D0002,PN-C01-007,DS02,pampa_norte,CAMPAIGN_01,27.464608921,28.464608921,1.000000000,2.709843674
PN-C01-007-D0003,PN-C01-007,DS02,pampa_norte,CAMPAIGN_01,52.464608921,53.464608921,1.000000000,2.696936228
PN-C01-007-D0004,PN-C01-007,DS02,pampa_norte,CAMPAIGN_01,77.464608921,78.464608921,1.000000000,2.628273329
PN-C01-007-D0005,PN-C01-007,DS02,pampa_norte,CAMPAIGN_01,102.464608921,103.464608921,1.000000000,2.625175551
PN-C01-007-D0006,PN-C01-007,DS02,pampa_norte,CAMPAIGN_01,127.464608921,128.464608921,1.000000000,2.624455937
PN-C01-007-D0007,PN-C01-007,DS02,pampa_norte,CAMPAIGN_01,152.464608921,153.464608921,1.000000000,2.637872029
PN-C01-007-D0008,PN-C01-007,DS02,pampa_norte,CAMPAIGN_01,177.464608921,178.464608921,1.000000000,2.644405895
PN-C01-007-D0009,PN-C01-007,DS02,pampa_norte,CAMPAIGN_01,202.464608921,203.464608921,1.000000000,2.649489081
PN-C01-007-D0010,PN-C01-007,DS02,pampa_norte,CAMPAIGN_01,227.464608921,228.464608921,1.000000000,2.603700951
PN-C01-007-D0011,PN-C01-007,DS02,pampa_norte,CAMPAIGN_01,252.464608921,253.464608921,1.000000000,2.567733610
PN-C01-007-D0012,PN-C01-007,DS02,pampa_norte,CAMPAIGN_01,277.464608921,278.464608921,1.000000000,2.584759214
PN-C01-007-D0013,PN-C01-007,DS02,pampa_norte,CAMPAIGN_01,302.464608921,303.464608921,1.000000000,2.651413647
PN-C01-007-D0014,PN-C01-007,DS02,pampa_norte,CAMPAIGN_01,327.464608921,328.464608921,1.000000000,2.645284433
PN-C01-008-D0001,PN-C01-008,DS02,pampa_norte,CAMPAIGN_01,7.026497831,8.026497831,1.000000000,2.177235131
PN-C01-008-D0002,PN-C01-008,DS02,pampa_norte,CAMPAIGN_01,32.026497831,33.026497831,1.000000000,2.699608973
PN-C01-008-D0003,PN-C01-008,DS02,pampa_norte,CAMPAIGN_01,57.026497831,58.026497831,1.000000000,2.729329959
PN-C01-008-D0004,PN-C01-008,DS02,pampa_norte,CAMPAIGN_01,82.026497831,83.026497831,1.000000000,2.703182981
PN-C01-008-D0005,PN-C01-008,DS02,pampa_norte,CAMPAIGN_01,107.026497831,108.026497831,1.000000000,2.707896978
PN-C01-008-D0006,PN-C01-008,DS02,pampa_norte,CAMPAIGN_01,132.026497831,133.026497831,1.000000000,2.707363271
PN-C01-008-D0007,PN-C01-008,DS02,pampa_norte,CAMPAIGN_01,157.026497831,158.026497831,1.000000000,2.709667941
PN-C01-008-D0008,PN-C01-008,DS02,pampa_norte,CAMPAIGN_01,182.026497831,183.026497831,1.000000000,2.706108813
PN-C01-008-D0009,PN-C01-008,DS02,pampa_norte,CAMPAIGN_01,207.026497831,208.026497831,1.000000000,2.656716730
PN-C01-008-D0010,PN-C01-008,DS02,pampa_norte,CAMPAIGN_01,232.026497831,233.026497831,1.000000000,2.694829127
PN-C01-008-D0011,PN-C01-008,DS02,pampa_norte,CAMPAIGN_01,257.026497831,258.026497831,1.000000000,2.620912656
PN-C01-008-D0012,PN-C01-008,DS02,pampa_norte,CAMPAIGN_01,282.026497831,283.026497831,1.000000000,2.645777977
PN-C01-008-D0013,PN-C01-008,DS02,pampa_norte,CAMPAIGN_01,307.026497831,308.026497831,1.000000000,2.610883709
PN-C01-008-D0014,PN-C01-008,DS02,pampa_norte,CAMPAIGN_01,332.026497831,333.026497831,1.000000000,2.637178219
PN-C01-008-D0015,PN-C01-008,DS02,pampa_norte,CAMPAIGN_01,357.026497831,358.026497831,1.000000000,2.671347280
PN-C01-008-D0016,PN-C01-008,DS02,pampa_norte,CAMPAIGN_01,382.026497831,383.026497831,1.000000000,2.644302283
PN-C01-008-D0017,PN-C01-008,DS02,pampa_norte,CAMPAIGN_01,407.026497831,408.026497831,1.000000000,2.612984860
PN-C01-008-D0018,PN-C01-008,DS02,pampa_norte,CAMPAIGN_01,432.026497831,433.026497831,1.000000000,2.601580037
PN-C01-009-D0001,PN-C01-009,DS02,pampa_norte,CAMPAIGN_01,22.992341649,23.992341649,1.000000000,2.673239996
PN-C01-009-D0002,PN-C01-009,DS02,pampa_norte,CAMPAIGN_01,47.992341649,48.992341649,1.000000000,2.631253234
PN-C01-009-D0003,PN-C01-009,DS02,pampa_norte,CAMPAIGN_01,72.992341649,73.992341649,1.000000000,2.654570499
PN-C01-009-D0004,PN-C01-009,DS02,pampa_norte,CAMPAIGN_01,97.992341649,98.992341649,1.000000000,2.631842670
PN-C01-009-D0005,PN-C01-009,DS02,pampa_norte,CAMPAIGN_01,122.992341649,123.992341649,1.000000000,2.639453024
PN-C01-009-D0006,PN-C01-009,DS02,pampa_norte,CAMPAIGN_01,147.992341649,148.992341649,1.000000000,2.630861330
PN-C01-009-D0007,PN-C01-009,DS02,pampa_norte,CAMPAIGN_01,172.992341649,173.992341649,1.000000000,2.632510623
PN-C01-009-D0008,PN-C01-009,DS02,pampa_norte,CAMPAIGN_01,197.992341649,198.992341649,1.000000000,2.613317129
PN-C01-010-D0001,PN-C01-010,DS02,pampa_norte,CAMPAIGN_01,11.818380057,12.818380057,1.000000000,2.627694360
PN-C01-010-D0002,PN-C01-010,DS02,pampa_norte,CAMPAIGN_01,36.818380057,37.818380057,1.000000000,2.683517337
PN-C01-010-D0003,PN-C01-010,DS02,pampa_norte,CAMPAIGN_01,61.818380057,62.818380057,1.000000000,2.654386446
PN-C01-010-D0004,PN-C01-010,DS02,pampa_norte,CAMPAIGN_01,86.818380057,87.818380057,1.000000000,2.635728033
PN-C01-010-D0005,PN-C01-010,DS02,pampa_norte,CAMPAIGN_01,111.818380057,112.818380057,1.000000000,2.636849243
PN-C01-010-D0006,PN-C01-010,DS02,pampa_norte,CAMPAIGN_01,136.818380057,137.818380057,1.000000000,2.645086481
PN-C01-010-D0007,PN-C01-010,DS02,pampa_norte,CAMPAIGN_01,161.818380057,162.818380057,1.000000000,2.652073753
PN-C01-010-D0008,PN-C01-010,DS02,pampa_norte,CAMPAIGN_01,186.818380057,187.818380057,1.000000000,2.619158923
PN-C01-010-D0009,PN-C01-010,DS02,pampa_norte,CAMPAIGN_01,211.818380057,212.818380057,1.000000000,2.634605119
PN-C01-011-D0001,PN-C01-011,DS02,pampa_norte,CAMPAIGN_01,10.894021435,11.894021435,1.000000000,2.609009699
PN-C01-011-D0002,PN-C01-011,DS02,pampa_norte,CAMPAIGN_01,35.894021435,36.894021435,1.000000000,2.651265051
PN-C01-011-D0003,PN-C01-011,DS02,pampa_norte,CAMPAIGN_01,60.894021435,61.894021435,1.000000000,2.646039156
PN-C01-011-D0004,PN-C01-011,DS02,pampa_norte,CAMPAIGN_01,85.894021435,86.894021435,1.000000000,2.652920316
PN-C01-011-D0005,PN-C01-011,DS02,pampa_norte,CAMPAIGN_01,110.894021435,111.894021435,1.000000000,2.603696894
PN-C01-011-D0006,PN-C01-011,DS02,pampa_norte,CAMPAIGN_01,135.894021435,136.894021435,1.000000000,2.625434874
PN-C01-011-D0007,PN-C01-011,DS02,pampa_norte,CAMPAIGN_01,160.894021435,161.894021435,1.000000000,2.636626322
PN-C01-011-D0008,PN-C01-011,DS02,pampa_norte,CAMPAIGN_01,185.894021435,186.894021435,1.000000000,2.615443117
PN-C01-011-D0009,PN-C01-011,DS02,pampa_norte,CAMPAIGN_01,210.894021435,211.894021435,1.000000000,2.618496217
PN-C01-011-D0010,PN-C01-011,DS02,pampa_norte,CAMPAIGN_01,235.894021435,236.894021435,1.000000000,2.652113012
PN-C01-012-D0001,PN-C01-012,DS02,pampa_norte,CAMPAIGN_01,23.965649116,24.965649116,1.000000000,2.699243841
PN-C01-012-D0002,PN-C01-012,DS02,pampa_norte,CAMPAIGN_01,48.965649116,49.965649116,1.000000000,2.661761876
PN-C01-012-D0003,PN-C01-012,DS02,pampa_norte,CAMPAIGN_01,73.965649116,74.965649116,1.000000000,2.689759675
PN-C01-012-D0004,PN-C01-012,DS02,pampa_norte,CAMPAIGN_01,98.965649116,99.965649116,1.000000000,2.751123573
PN-C01-012-D0005,PN-C01-012,DS02,pampa_norte,CAMPAIGN_01,123.965649116,124.965649116,1.000000000,2.707669868
PN-C01-012-D0006,PN-C01-012,DS02,pampa_norte,CAMPAIGN_01,148.965649116,149.965649116,1.000000000,2.706676554
PN-C01-012-D0007,PN-C01-012,DS02,pampa_norte,CAMPAIGN_01,173.965649116,174.965649116,1.000000000,2.649174600
PN-C01-012-D0008,PN-C01-012,DS02,pampa_norte,CAMPAIGN_01,198.965649116,199.965649116,1.000000000,2.634681119
PN-C01-012-D0009,PN-C01-012,DS02,pampa_norte,CAMPAIGN_01,223.965649116,224.965649116,1.000000000,2.654362636
PN-C01-012-D0010,PN-C01-012,DS02,pampa_norte,CAMPAIGN_01,248.965649116,249.965649116,1.000000000,2.671786849
PN-C01-012-D0011,PN-C01-012,DS02,pampa_norte,CAMPAIGN_01,273.965649116,274.965649116,1.000000000,2.647056673
PN-C01-012-D0012,PN-C01-012,DS02,pampa_norte,CAMPAIGN_01,298.965649116,299.965649116,1.000000000,2.636359895
PN-C01-012-D0013,PN-C01-012,DS02,pampa_norte,CAMPAIGN_01,323.965649116,324.965649116,1.000000000,2.618055807
PN-C01-012-D0014,PN-C01-012,DS02,pampa_norte,CAMPAIGN_01,348.965649116,349.965649116,1.000000000,2.609826558
PN-C01-013-D0001,PN-C01-013,DS02,pampa_norte,CAMPAIGN_01,21.498521824,22.498521824,1.000000000,2.707386501
PN-C01-013-D0002,PN-C01-013,DS02,pampa_norte,CAMPAIGN_01,46.498521824,47.498521824,1.000000000,2.682825533
PN-C01-013-D0003,PN-C01-013,DS02,pampa_norte,CAMPAIGN_01,71.498521824,72.498521824,1.000000000,2.679678843
PN-C01-013-D0004,PN-C01-013,DS02,pampa_norte,CAMPAIGN_01,96.498521824,97.498521824,1.000000000,2.682154205
PN-C01-013-D0005,PN-C01-013,DS02,pampa_norte,CAMPAIGN_01,121.498521824,122.498521824,1.000000000,2.735492068
PN-C01-013-D0006,PN-C01-013,DS02,pampa_norte,CAMPAIGN_01,146.498521824,147.498521824,1.000000000,2.731799421
PN-C01-013-D0007,PN-C01-013,DS02,pampa_norte,CAMPAIGN_01,171.498521824,172.498521824,1.000000000,2.712102041
PN-C01-013-D0008,PN-C01-013,DS02,pampa_norte,CAMPAIGN_01,196.498521824,197.498521824,1.000000000,2.711620400
PN-C01-014-D0001,PN-C01-014,DS02,pampa_norte,CAMPAIGN_01,5.924618544,6.924618544,1.000000000,2.176744890
PN-C01-014-D0002,PN-C01-014,DS02,pampa_norte,CAMPAIGN_01,30.924618544,31.924618544,1.000000000,2.705952221
PN-C01-014-D0003,PN-C01-014,DS02,pampa_norte,CAMPAIGN_01,55.924618544,56.924618544,1.000000000,2.635132423
PN-C01-014-D0004,PN-C01-014,DS02,pampa_norte,CAMPAIGN_01,80.924618544,81.924618544,1.000000000,2.644964914
PN-C01-014-D0005,PN-C01-014,DS02,pampa_norte,CAMPAIGN_01,105.924618544,106.924618544,1.000000000,2.624324716
PN-C01-014-D0006,PN-C01-014,DS02,pampa_norte,CAMPAIGN_01,130.924618544,131.924618544,1.000000000,2.649181727
PN-C01-014-D0007,PN-C01-014,DS02,pampa_norte,CAMPAIGN_01,155.924618544,156.924618544,1.000000000,2.634377627
PN-C01-014-D0008,PN-C01-014,DS02,pampa_norte,CAMPAIGN_01,180.924618544,181.924618544,1.000000000,2.688889489
PN-C01-014-D0009,PN-C01-014,DS02,pampa_norte,CAMPAIGN_01,205.924618544,206.924618544,1.000000000,2.682291317
PN-C01-015-D0001,PN-C01-015,DS02,pampa_norte,CAMPAIGN_01,0.276939496,1.276939496,1.000000000,1.082907430
PN-C01-015-D0002,PN-C01-015,DS02,pampa_norte,CAMPAIGN_01,25.276939496,26.276939496,1.000000000,2.697890454
PN-C01-015-D0003,PN-C01-015,DS02,pampa_norte,CAMPAIGN_01,50.276939496,51.276939496,1.000000000,2.719604339
PN-C01-015-D0004,PN-C01-015,DS02,pampa_norte,CAMPAIGN_01,75.276939496,76.276939496,1.000000000,2.720610184
PN-C01-015-D0005,PN-C01-015,DS02,pampa_norte,CAMPAIGN_01,100.276939496,101.276939496,1.000000000,2.660548160
PN-C01-015-D0006,PN-C01-015,DS02,pampa_norte,CAMPAIGN_01,125.276939496,126.276939496,1.000000000,2.626863159
PN-C01-015-D0007,PN-C01-015,DS02,pampa_norte,CAMPAIGN_01,150.276939496,151.276939496,1.000000000,2.659056043
PN-C01-015-D0008,PN-C01-015,DS02,pampa_norte,CAMPAIGN_01,175.276939496,176.276939496,1.000000000,2.670754994
PN-C01-015-D0009,PN-C01-015,DS02,pampa_norte,CAMPAIGN_01,200.276939496,201.276939496,1.000000000,2.612421314
PN-C01-016-D0001,PN-C01-016,DS02,pampa_norte,CAMPAIGN_01,8.343405492,9.343405492,1.000000000,2.163928585
PN-C01-016-D0002,PN-C01-016,DS02,pampa_norte,CAMPAIGN_01,33.343405492,34.343405492,1.000000000,2.694872462
PN-C01-016-D0003,PN-C01-016,DS02,pampa_norte,CAMPAIGN_01,58.343405492,59.343405492,1.000000000,2.731281901
PN-C01-016-D0004,PN-C01-016,DS02,pampa_norte,CAMPAIGN_01,83.343405492,84.343405492,1.000000000,2.722616366
PN-C01-016-D0005,PN-C01-016,DS02,pampa_norte,CAMPAIGN_01,108.343405492,109.343405492,1.000000000,2.700356674
PN-C01-016-D0006,PN-C01-016,DS02,pampa_norte,CAMPAIGN_01,133.343405492,134.343405492,1.000000000,2.689506328
PN-C01-016-D0007,PN-C01-016,DS02,pampa_norte,CAMPAIGN_01,158.343405492,159.343405492,1.000000000,2.699528167
PN-C01-016-D0008,PN-C01-016,DS02,pampa_norte,CAMPAIGN_01,183.343405492,184.343405492,1.000000000,2.693781322
PN-C01-016-D0009,PN-C01-016,DS02,pampa_norte,CAMPAIGN_01,208.343405492,209.343405492,1.000000000,2.704509270
PN-C01-016-D0010,PN-C01-016,DS02,pampa_norte,CAMPAIGN_01,233.343405492,234.343405492,1.000000000,2.689584421
PN-C01-016-D0011,PN-C01-016,DS02,pampa_norte,CAMPAIGN_01,258.343405492,259.343405492,1.000000000,2.693965503
PN-C01-016-D0012,PN-C01-016,DS02,pampa_norte,CAMPAIGN_01,283.343405492,284.343405492,1.000000000,2.699321177
PN-C02-001-D0001,PN-C02-001,DS02,pampa_norte,CAMPAIGN_02,16.229050189,17.229050189,1.000000000,2.684349491
PN-C02-001-D0002,PN-C02-001,DS02,pampa_norte,CAMPAIGN_02,41.229050189,42.229050189,1.000000000,2.658441471
PN-C02-001-D0003,PN-C02-001,DS02,pampa_norte,CAMPAIGN_02,66.229050189,67.229050189,1.000000000,2.620594064
PN-C02-001-D0004,PN-C02-001,DS02,pampa_norte,CAMPAIGN_02,91.229050189,92.229050189,1.000000000,2.619996187
PN-C02-001-D0005,PN-C02-001,DS02,pampa_norte,CAMPAIGN_02,116.229050189,117.229050189,1.000000000,2.619502539
PN-C02-001-D0006,PN-C02-001,DS02,pampa_norte,CAMPAIGN_02,141.229050189,142.229050189,1.000000000,2.663761840
PN-C02-001-D0007,PN-C02-001,DS02,pampa_norte,CAMPAIGN_02,166.229050189,167.229050189,1.000000000,2.652177903
PN-C02-001-D0008,PN-C02-001,DS02,pampa_norte,CAMPAIGN_02,191.229050189,192.229050189,1.000000000,2.635730308
PN-C02-001-D0009,PN-C02-001,DS02,pampa_norte,CAMPAIGN_02,216.229050189,217.229050189,1.000000000,2.639766402
PN-C02-001-D0010,PN-C02-001,DS02,pampa_norte,CAMPAIGN_02,241.229050189,242.229050189,1.000000000,2.667639983
PN-C02-002-D0001,PN-C02-002,DS02,pampa_norte,CAMPAIGN_02,15.575032647,16.575032647,1.000000000,2.707557898
PN-C02-002-D0002,PN-C02-002,DS02,pampa_norte,CAMPAIGN_02,40.575032647,41.575032647,1.000000000,2.656877815
PN-C02-002-D0003,PN-C02-002,DS02,pampa_norte,CAMPAIGN_02,65.575032647,66.575032647,1.000000000,2.670951723
PN-C02-002-D0004,PN-C02-002,DS02,pampa_norte,CAMPAIGN_02,90.575032647,91.575032647,1.000000000,2.680764920
PN-C02-002-D0005,PN-C02-002,DS02,pampa_norte,CAMPAIGN_02,115.575032647,116.575032647,1.000000000,2.640094547
PN-C02-002-D0006,PN-C02-002,DS02,pampa_norte,CAMPAIGN_02,140.575032647,141.575032647,1.000000000,2.644546730
PN-C02-002-D0007,PN-C02-002,DS02,pampa_norte,CAMPAIGN_02,165.575032647,166.575032647,1.000000000,2.628640199
PN-C02-002-D0008,PN-C02-002,DS02,pampa_norte,CAMPAIGN_02,190.575032647,191.575032647,1.000000000,2.700912266
PN-C02-002-D0009,PN-C02-002,DS02,pampa_norte,CAMPAIGN_02,215.575032647,216.575032647,1.000000000,2.622532141
PN-C02-002-D0010,PN-C02-002,DS02,pampa_norte,CAMPAIGN_02,240.575032647,241.575032647,1.000000000,2.656708896
PN-C02-002-D0011,PN-C02-002,DS02,pampa_norte,CAMPAIGN_02,265.575032647,266.575032647,1.000000000,2.648536121
PN-C02-003-D0001,PN-C02-003,DS02,pampa_norte,CAMPAIGN_02,8.094253254,9.094253254,1.000000000,2.142940065
PN-C02-003-D0002,PN-C02-003,DS02,pampa_norte,CAMPAIGN_02,33.094253254,34.094253254,1.000000000,2.746568197
PN-C02-003-D0003,PN-C02-003,DS02,pampa_norte,CAMPAIGN_02,58.094253254,59.094253254,1.000000000,2.639122081
PN-C02-003-D0004,PN-C02-003,DS02,pampa_norte,CAMPAIGN_02,83.094253254,84.094253254,1.000000000,2.645048997
PN-C02-003-D0005,PN-C02-003,DS02,pampa_norte,CAMPAIGN_02,108.094253254,109.094253254,1.000000000,2.661120664
PN-C02-003-D0006,PN-C02-003,DS02,pampa_norte,CAMPAIGN_02,133.094253254,134.094253254,1.000000000,2.649096443
PN-C02-003-D0007,PN-C02-003,DS02,pampa_norte,CAMPAIGN_02,158.094253254,159.094253254,1.000000000,2.647134144
PN-C02-003-D0008,PN-C02-003,DS02,pampa_norte,CAMPAIGN_02,183.094253254,184.094253254,1.000000000,2.623051831
PN-C02-003-D0009,PN-C02-003,DS02,pampa_norte,CAMPAIGN_02,208.094253254,209.094253254,1.000000000,2.611580601
PN-C02-003-D0010,PN-C02-003,DS02,pampa_norte,CAMPAIGN_02,233.094253254,234.094253254,1.000000000,2.659268615
PN-C02-003-D0011,PN-C02-003,DS02,pampa_norte,CAMPAIGN_02,258.094253254,259.094253254,1.000000000,2.626216165
PN-C02-003-D0012,PN-C02-003,DS02,pampa_norte,CAMPAIGN_02,283.094253254,284.094253254,1.000000000,2.653742254
PN-C02-004-D0001,PN-C02-004,DS02,pampa_norte,CAMPAIGN_02,19.970613533,20.970613533,1.000000000,2.698375319
PN-C02-004-D0002,PN-C02-004,DS02,pampa_norte,CAMPAIGN_02,44.970613533,45.970613533,1.000000000,2.659692320
PN-C02-004-D0003,PN-C02-004,DS02,pampa_norte,CAMPAIGN_02,69.970613533,70.970613533,1.000000000,2.717470108
PN-C02-004-D0004,PN-C02-004,DS02,pampa_norte,CAMPAIGN_02,94.970613533,95.970613533,1.000000000,2.708635566
PN-C02-004-D0005,PN-C02-004,DS02,pampa_norte,CAMPAIGN_02,119.970613533,120.970613533,1.000000000,2.700349961
PN-C02-004-D0006,PN-C02-004,DS02,pampa_norte,CAMPAIGN_02,144.970613533,145.970613533,1.000000000,2.623485705
PN-C02-004-D0007,PN-C02-004,DS02,pampa_norte,CAMPAIGN_02,169.970613533,170.970613533,1.000000000,2.670313010
PN-C02-004-D0008,PN-C02-004,DS02,pampa_norte,CAMPAIGN_02,194.970613533,195.970613533,1.000000000,2.694472109
PN-C02-004-D0009,PN-C02-004,DS02,pampa_norte,CAMPAIGN_02,219.970613533,220.970613533,1.000000000,2.663770816
PN-C02-004-D0010,PN-C02-004,DS02,pampa_norte,CAMPAIGN_02,244.970613533,245.970613533,1.000000000,2.634712097
PN-C02-004-D0011,PN-C02-004,DS02,pampa_norte,CAMPAIGN_02,269.970613533,270.970613533,1.000000000,2.633579911
PN-C02-004-D0012,PN-C02-004,DS02,pampa_norte,CAMPAIGN_02,294.970613533,295.970613533,1.000000000,2.627193596
PN-C02-004-D0013,PN-C02-004,DS02,pampa_norte,CAMPAIGN_02,319.970613533,320.970613533,1.000000000,2.633598278
PN-C02-004-D0014,PN-C02-004,DS02,pampa_norte,CAMPAIGN_02,344.970613533,345.970613533,1.000000000,2.636464672
PN-C02-004-D0015,PN-C02-004,DS02,pampa_norte,CAMPAIGN_02,369.970613533,370.970613533,1.000000000,2.601759075
PN-C02-005-D0001,PN-C02-005,DS02,pampa_norte,CAMPAIGN_02,14.349712946,15.349712946,1.000000000,2.734587414
PN-C02-005-D0002,PN-C02-005,DS02,pampa_norte,CAMPAIGN_02,39.349712946,40.349712946,1.000000000,2.671052334
PN-C02-005-D0003,PN-C02-005,DS02,pampa_norte,CAMPAIGN_02,64.349712946,65.349712946,1.000000000,2.713951935
PN-C02-005-D0004,PN-C02-005,DS02,pampa_norte,CAMPAIGN_02,89.349712946,90.349712946,1.000000000,2.701932774
PN-C02-005-D0005,PN-C02-005,DS02,pampa_norte,CAMPAIGN_02,114.349712946,115.349712946,1.000000000,2.688510852
PN-C02-005-D0006,PN-C02-005,DS02,pampa_norte,CAMPAIGN_02,139.349712946,140.349712946,1.000000000,2.697893485
PN-C02-005-D0007,PN-C02-005,DS02,pampa_norte,CAMPAIGN_02,164.349712946,165.349712946,1.000000000,2.711771590
PN-C02-005-D0008,PN-C02-005,DS02,pampa_norte,CAMPAIGN_02,189.349712946,190.349712946,1.000000000,2.717208693
PN-C02-005-D0009,PN-C02-005,DS02,pampa_norte,CAMPAIGN_02,214.349712946,215.349712946,1.000000000,2.704702312
PN-C02-005-D0010,PN-C02-005,DS02,pampa_norte,CAMPAIGN_02,239.349712946,240.349712946,1.000000000,2.650393930
PN-C02-005-D0011,PN-C02-005,DS02,pampa_norte,CAMPAIGN_02,264.349712946,265.349712946,1.000000000,2.646148322
PN-C02-005-D0012,PN-C02-005,DS02,pampa_norte,CAMPAIGN_02,289.349712946,290.349712946,1.000000000,2.612928119
PN-C02-005-D0013,PN-C02-005,DS02,pampa_norte,CAMPAIGN_02,314.349712946,315.349712946,1.000000000,2.659077492
PN-C02-005-D0014,PN-C02-005,DS02,pampa_norte,CAMPAIGN_02,339.349712946,340.349712946,1.000000000,2.653334526
PN-C02-005-D0015,PN-C02-005,DS02,pampa_norte,CAMPAIGN_02,364.349712946,365.349712946,1.000000000,2.639829226
PN-C02-005-D0016,PN-C02-005,DS02,pampa_norte,CAMPAIGN_02,389.349712946,390.349712946,1.000000000,2.624921210
PN-C02-005-D0017,PN-C02-005,DS02,pampa_norte,CAMPAIGN_02,414.349712946,415.349712946,1.000000000,2.638802157
PN-C02-005-D0018,PN-C02-005,DS02,pampa_norte,CAMPAIGN_02,439.349712946,440.349712946,1.000000000,2.662030233
PN-C02-006-D0001,PN-C02-006,DS02,pampa_norte,CAMPAIGN_02,15.080649393,16.080649393,1.000000000,2.692888708
PN-C02-006-D0002,PN-C02-006,DS02,pampa_norte,CAMPAIGN_02,40.080649393,41.080649393,1.000000000,2.735879367
PN-C02-006-D0003,PN-C02-006,DS02,pampa_norte,CAMPAIGN_02,65.080649393,66.080649393,1.000000000,2.690297550
PN-C02-006-D0004,PN-C02-006,DS02,pampa_norte,CAMPAIGN_02,90.080649393,91.080649393,1.000000000,2.723163684
PN-C02-006-D0005,PN-C02-006,DS02,pampa_norte,CAMPAIGN_02,115.080649393,116.080649393,1.000000000,2.718640605
PN-C02-006-D0006,PN-C02-006,DS02,pampa_norte,CAMPAIGN_02,140.080649393,141.080649393,1.000000000,2.703714391
PN-C02-006-D0007,PN-C02-006,DS02,pampa_norte,CAMPAIGN_02,165.080649393,166.080649393,1.000000000,2.690704303
PN-C02-006-D0008,PN-C02-006,DS02,pampa_norte,CAMPAIGN_02,190.080649393,191.080649393,1.000000000,2.683739624
PN-C02-006-D0009,PN-C02-006,DS02,pampa_norte,CAMPAIGN_02,215.080649393,216.080649393,1.000000000,2.725078066
PN-C02-006-D0010,PN-C02-006,DS02,pampa_norte,CAMPAIGN_02,240.080649393,241.080649393,1.000000000,2.664723026
PN-C02-006-D0011,PN-C02-006,DS02,pampa_norte,CAMPAIGN_02,265.080649393,266.080649393,1.000000000,2.733320488
PN-C02-006-D0012,PN-C02-006,DS02,pampa_norte,CAMPAIGN_02,290.080649393,291.080649393,1.000000000,2.636869247
PN-C02-006-D0013,PN-C02-006,DS02,pampa_norte,CAMPAIGN_02,315.080649393,316.080649393,1.000000000,2.617244231
PN-C02-006-D0014,PN-C02-006,DS02,pampa_norte,CAMPAIGN_02,340.080649393,341.080649393,1.000000000,2.664954435
PN-C02-006-D0015,PN-C02-006,DS02,pampa_norte,CAMPAIGN_02,365.080649393,366.080649393,1.000000000,2.642288575
PN-C02-006-D0016,PN-C02-006,DS02,pampa_norte,CAMPAIGN_02,390.080649393,391.080649393,1.000000000,2.667969226
PN-C02-006-D0017,PN-C02-006,DS02,pampa_norte,CAMPAIGN_02,415.080649393,416.080649393,1.000000000,2.632191325
PN-C02-006-D0018,PN-C02-006,DS02,pampa_norte,CAMPAIGN_02,440.080649393,441.080649393,1.000000000,2.616190199
PN-C02-007-D0001,PN-C02-007,DS02,pampa_norte,CAMPAIGN_02,13.259033446,14.259033446,1.000000000,2.633233547
PN-C02-007-D0002,PN-C02-007,DS02,pampa_norte,CAMPAIGN_02,38.259033446,39.259033446,1.000000000,2.615625048
PN-C02-007-D0003,PN-C02-007,DS02,pampa_norte,CAMPAIGN_02,63.259033446,64.259033446,1.000000000,2.615217262
PN-C02-007-D0004,PN-C02-007,DS02,pampa_norte,CAMPAIGN_02,88.259033446,89.259033446,1.000000000,2.622333828
PN-C02-007-D0005,PN-C02-007,DS02,pampa_norte,CAMPAIGN_02,113.259033446,114.259033446,1.000000000,2.636461990
PN-C02-007-D0006,PN-C02-007,DS02,pampa_norte,CAMPAIGN_02,138.259033446,139.259033446,1.000000000,2.664901773
PN-C02-007-D0007,PN-C02-007,DS02,pampa_norte,CAMPAIGN_02,163.259033446,164.259033446,1.000000000,2.654447228
PN-C02-007-D0008,PN-C02-007,DS02,pampa_norte,CAMPAIGN_02,188.259033446,189.259033446,1.000000000,2.660715338
PN-C02-007-D0009,PN-C02-007,DS02,pampa_norte,CAMPAIGN_02,213.259033446,214.259033446,1.000000000,2.629019161
PN-C02-008-D0001,PN-C02-008,DS02,pampa_norte,CAMPAIGN_02,9.077911731,10.077911731,1.000000000,2.166370796
PN-C02-008-D0002,PN-C02-008,DS02,pampa_norte,CAMPAIGN_02,34.077911731,35.077911731,1.000000000,2.634169155
PN-C02-008-D0003,PN-C02-008,DS02,pampa_norte,CAMPAIGN_02,59.077911731,60.077911731,1.000000000,2.682175738
PN-C02-008-D0004,PN-C02-008,DS02,pampa_norte,CAMPAIGN_02,84.077911731,85.077911731,1.000000000,2.647695164
PN-C02-008-D0005,PN-C02-008,DS02,pampa_norte,CAMPAIGN_02,109.077911731,110.077911731,1.000000000,2.649048297
PN-C02-008-D0006,PN-C02-008,DS02,pampa_norte,CAMPAIGN_02,134.077911731,135.077911731,1.000000000,2.633849714
PN-C02-008-D0007,PN-C02-008,DS02,pampa_norte,CAMPAIGN_02,159.077911731,160.077911731,1.000000000,2.653279997
PN-C02-008-D0008,PN-C02-008,DS02,pampa_norte,CAMPAIGN_02,184.077911731,185.077911731,1.000000000,2.665015451
PN-C02-008-D0009,PN-C02-008,DS02,pampa_norte,CAMPAIGN_02,209.077911731,210.077911731,1.000000000,2.672486757
PN-C02-009-D0001,PN-C02-009,DS02,pampa_norte,CAMPAIGN_02,19.111412484,20.111412484,1.000000000,2.636650108
PN-C02-009-D0002,PN-C02-009,DS02,pampa_norte,CAMPAIGN_02,44.111412484,45.111412484,1.000000000,2.637459917
PN-C02-009-D0003,PN-C02-009,DS02,pampa_norte,CAMPAIGN_02,69.111412484,70.111412484,1.000000000,2.670576680
PN-C02-009-D0004,PN-C02-009,DS02,pampa_norte,CAMPAIGN_02,94.111412484,95.111412484,1.000000000,2.674568844
PN-C02-009-D0005,PN-C02-009,DS02,pampa_norte,CAMPAIGN_02,119.111412484,120.111412484,1.000000000,2.666873362
PN-C02-009-D0006,PN-C02-009,DS02,pampa_norte,CAMPAIGN_02,144.111412484,145.111412484,1.000000000,2.646220410
PN-C02-009-D0007,PN-C02-009,DS02,pampa_norte,CAMPAIGN_02,169.111412484,170.111412484,1.000000000,2.634725057
PN-C02-009-D0008,PN-C02-009,DS02,pampa_norte,CAMPAIGN_02,194.111412484,195.111412484,1.000000000,2.666129227
PN-C02-009-D0009,PN-C02-009,DS02,pampa_norte,CAMPAIGN_02,219.111412484,220.111412484,1.000000000,2.637611538
PN-C02-009-D0010,PN-C02-009,DS02,pampa_norte,CAMPAIGN_02,244.111412484,245.111412484,1.000000000,2.612547898
PN-C02-009-D0011,PN-C02-009,DS02,pampa_norte,CAMPAIGN_02,269.111412484,270.111412484,1.000000000,2.641854698
PN-C02-010-D0001,PN-C02-010,DS02,pampa_norte,CAMPAIGN_02,22.387016603,23.387016603,1.000000000,2.722977958
PN-C02-010-D0002,PN-C02-010,DS02,pampa_norte,CAMPAIGN_02,47.387016603,48.387016603,1.000000000,2.706015474
PN-C02-010-D0003,PN-C02-010,DS02,pampa_norte,CAMPAIGN_02,72.387016603,73.387016603,1.000000000,2.613247549
PN-C02-010-D0004,PN-C02-010,DS02,pampa_norte,CAMPAIGN_02,97.387016603,98.387016603,1.000000000,2.626097715
PN-C02-010-D0005,PN-C02-010,DS02,pampa_norte,CAMPAIGN_02,122.387016603,123.387016603,1.000000000,2.626082303
PN-C02-010-D0006,PN-C02-010,DS02,pampa_norte,CAMPAIGN_02,147.387016603,148.387016603,1.000000000,2.657946206
PN-C02-010-D0007,PN-C02-010,DS02,pampa_norte,CAMPAIGN_02,172.387016603,173.387016603,1.000000000,2.610043059
PN-C02-010-D0008,PN-C02-010,DS02,pampa_norte,CAMPAIGN_02,197.387016603,198.387016603,1.000000000,2.644467141
PN-C02-010-D0009,PN-C02-010,DS02,pampa_norte,CAMPAIGN_02,222.387016603,223.387016603,1.000000000,2.680720885
PN-C02-010-D0010,PN-C02-010,DS02,pampa_norte,CAMPAIGN_02,247.387016603,248.387016603,1.000000000,2.607150542
PN-C02-010-D0011,PN-C02-010,DS02,pampa_norte,CAMPAIGN_02,272.387016603,273.387016603,1.000000000,2.631476537
PN-C02-010-D0012,PN-C02-010,DS02,pampa_norte,CAMPAIGN_02,297.387016603,298.387016603,1.000000000,2.632984398
PN-C02-010-D0013,PN-C02-010,DS02,pampa_norte,CAMPAIGN_02,322.387016603,323.387016603,1.000000000,2.680250692
PN-C02-011-D0001,PN-C02-011,DS02,pampa_norte,CAMPAIGN_02,13.419789038,14.419789038,1.000000000,2.735804647
PN-C02-011-D0002,PN-C02-011,DS02,pampa_norte,CAMPAIGN_02,38.419789038,39.419789038,1.000000000,2.749065925
PN-C02-011-D0003,PN-C02-011,DS02,pampa_norte,CAMPAIGN_02,63.419789038,64.419789038,1.000000000,2.700585621
PN-C02-011-D0004,PN-C02-011,DS02,pampa_norte,CAMPAIGN_02,88.419789038,89.419789038,1.000000000,2.724030955
PN-C02-011-D0005,PN-C02-011,DS02,pampa_norte,CAMPAIGN_02,113.419789038,114.419789038,1.000000000,2.720972492
PN-C02-011-D0006,PN-C02-011,DS02,pampa_norte,CAMPAIGN_02,138.419789038,139.419789038,1.000000000,2.622049317
PN-C02-011-D0007,PN-C02-011,DS02,pampa_norte,CAMPAIGN_02,163.419789038,164.419789038,1.000000000,2.636384731
PN-C02-011-D0008,PN-C02-011,DS02,pampa_norte,CAMPAIGN_02,188.419789038,189.419789038,1.000000000,2.614436635
PN-C02-011-D0009,PN-C02-011,DS02,pampa_norte,CAMPAIGN_02,213.419789038,214.419789038,1.000000000,2.632314664
PN-C02-011-D0010,PN-C02-011,DS02,pampa_norte,CAMPAIGN_02,238.419789038,239.419789038,1.000000000,2.644637863
PN-C02-011-D0011,PN-C02-011,DS02,pampa_norte,CAMPAIGN_02,263.419789038,264.419789038,1.000000000,2.662932657
PN-C02-011-D0012,PN-C02-011,DS02,pampa_norte,CAMPAIGN_02,288.419789038,289.419789038,1.000000000,2.641574954
PN-C02-011-D0013,PN-C02-011,DS02,pampa_norte,CAMPAIGN_02,313.419789038,314.419789038,1.000000000,2.625879491
PN-C02-011-D0014,PN-C02-011,DS02,pampa_norte,CAMPAIGN_02,338.419789038,339.419789038,1.000000000,2.601932834
PN-C02-011-D0015,PN-C02-011,DS02,pampa_norte,CAMPAIGN_02,363.419789038,364.419789038,1.000000000,2.646999344
PN-C02-012-D0001,PN-C02-012,DS02,pampa_norte,CAMPAIGN_02,23.136179378,24.136179378,1.000000000,2.712821280
PN-C02-012-D0002,PN-C02-012,DS02,pampa_norte,CAMPAIGN_02,48.136179378,49.136179378,1.000000000,2.739225220
PN-C02-012-D0003,PN-C02-012,DS02,pampa_norte,CAMPAIGN_02,73.136179378,74.136179378,1.000000000,2.710960471
PN-C02-012-D0004,PN-C02-012,DS02,pampa_norte,CAMPAIGN_02,98.136179378,99.136179378,1.000000000,2.672338325
PN-C02-012-D0005,PN-C02-012,DS02,pampa_norte,CAMPAIGN_02,123.136179378,124.136179378,1.000000000,2.710758107
PN-C02-012-D0006,PN-C02-012,DS02,pampa_norte,CAMPAIGN_02,148.136179378,149.136179378,1.000000000,2.688506079
PN-C02-012-D0007,PN-C02-012,DS02,pampa_norte,CAMPAIGN_02,173.136179378,174.136179378,1.000000000,2.698547302
PN-C02-012-D0008,PN-C02-012,DS02,pampa_norte,CAMPAIGN_02,198.136179378,199.136179378,1.000000000,2.690678653
PN-C02-012-D0009,PN-C02-012,DS02,pampa_norte,CAMPAIGN_02,223.136179378,224.136179378,1.000000000,2.665138680
PN-C02-012-D0010,PN-C02-012,DS02,pampa_norte,CAMPAIGN_02,248.136179378,249.136179378,1.000000000,2.612830688
PN-C02-012-D0011,PN-C02-012,DS02,pampa_norte,CAMPAIGN_02,273.136179378,274.136179378,1.000000000,2.615562557
PN-C02-012-D0012,PN-C02-012,DS02,pampa_norte,CAMPAIGN_02,298.136179378,299.136179378,1.000000000,2.654171178
PN-C02-012-D0013,PN-C02-012,DS02,pampa_norte,CAMPAIGN_02,323.136179378,324.136179378,1.000000000,2.639288185
PN-C02-012-D0014,PN-C02-012,DS02,pampa_norte,CAMPAIGN_02,348.136179378,349.136179378,1.000000000,2.644639387
PN-C02-012-D0015,PN-C02-012,DS02,pampa_norte,CAMPAIGN_02,373.136179378,374.136179378,1.000000000,2.632138913
PN-C02-012-D0016,PN-C02-012,DS02,pampa_norte,CAMPAIGN_02,398.136179378,399.136179378,1.000000000,2.643397472
PN-C02-013-D0001,PN-C02-013,DS02,pampa_norte,CAMPAIGN_02,21.742163177,22.742163177,1.000000000,2.645317282
PN-C02-013-D0002,PN-C02-013,DS02,pampa_norte,CAMPAIGN_02,46.742163177,47.742163177,1.000000000,2.631584650
PN-C02-013-D0003,PN-C02-013,DS02,pampa_norte,CAMPAIGN_02,71.742163177,72.742163177,1.000000000,2.649743465
PN-C02-013-D0004,PN-C02-013,DS02,pampa_norte,CAMPAIGN_02,96.742163177,97.742163177,1.000000000,2.652528160
PN-C02-013-D0005,PN-C02-013,DS02,pampa_norte,CAMPAIGN_02,121.742163177,122.742163177,1.000000000,2.652509876
PN-C02-013-D0006,PN-C02-013,DS02,pampa_norte,CAMPAIGN_02,146.742163177,147.742163177,1.000000000,2.630360953
PN-C02-013-D0007,PN-C02-013,DS02,pampa_norte,CAMPAIGN_02,171.742163177,172.742163177,1.000000000,2.630620726
PN-C02-013-D0008,PN-C02-013,DS02,pampa_norte,CAMPAIGN_02,196.742163177,197.742163177,1.000000000,2.636282538
PN-C02-014-D0001,PN-C02-014,DS02,pampa_norte,CAMPAIGN_02,19.210069997,20.210069997,1.000000000,2.674605393
PN-C02-014-D0002,PN-C02-014,DS02,pampa_norte,CAMPAIGN_02,44.210069997,45.210069997,1.000000000,2.670075562
PN-C02-014-D0003,PN-C02-014,DS02,pampa_norte,CAMPAIGN_02,69.210069997,70.210069997,1.000000000,2.636634973
PN-C02-014-D0004,PN-C02-014,DS02,pampa_norte,CAMPAIGN_02,94.210069997,95.210069997,1.000000000,2.647000410
PN-C02-014-D0005,PN-C02-014,DS02,pampa_norte,CAMPAIGN_02,119.210069997,120.210069997,1.000000000,2.610273661
PN-C02-014-D0006,PN-C02-014,DS02,pampa_norte,CAMPAIGN_02,144.210069997,145.210069997,1.000000000,2.635520843
PN-C02-014-D0007,PN-C02-014,DS02,pampa_norte,CAMPAIGN_02,169.210069997,170.210069997,1.000000000,2.654743600
PN-C02-014-D0008,PN-C02-014,DS02,pampa_norte,CAMPAIGN_02,194.210069997,195.210069997,1.000000000,2.600254854
PN-C02-015-D0001,PN-C02-015,DS02,pampa_norte,CAMPAIGN_02,10.074728400,11.074728400,1.000000000,2.622626771
PN-C02-015-D0002,PN-C02-015,DS02,pampa_norte,CAMPAIGN_02,35.074728400,36.074728400,1.000000000,2.621757719
PN-C02-015-D0003,PN-C02-015,DS02,pampa_norte,CAMPAIGN_02,60.074728400,61.074728400,1.000000000,2.661516046
PN-C02-015-D0004,PN-C02-015,DS02,pampa_norte,CAMPAIGN_02,85.074728400,86.074728400,1.000000000,2.637209175
PN-C02-015-D0005,PN-C02-015,DS02,pampa_norte,CAMPAIGN_02,110.074728400,111.074728400,1.000000000,2.624423243
PN-C02-015-D0006,PN-C02-015,DS02,pampa_norte,CAMPAIGN_02,135.074728400,136.074728400,1.000000000,2.645611548
PN-C02-015-D0007,PN-C02-015,DS02,pampa_norte,CAMPAIGN_02,160.074728400,161.074728400,1.000000000,2.669265478
PN-C02-015-D0008,PN-C02-015,DS02,pampa_norte,CAMPAIGN_02,185.074728400,186.074728400,1.000000000,2.632469817
PN-C02-015-D0009,PN-C02-015,DS02,pampa_norte,CAMPAIGN_02,210.074728400,211.074728400,1.000000000,2.643581607
PN-C02-016-D0001,PN-C02-016,DS02,pampa_norte,CAMPAIGN_02,5.195039963,6.195039963,1.000000000,2.142929160
PN-C02-016-D0002,PN-C02-016,DS02,pampa_norte,CAMPAIGN_02,30.195039963,31.195039963,1.000000000,2.621619165
PN-C02-016-D0003,PN-C02-016,DS02,pampa_norte,CAMPAIGN_02,55.195039963,56.195039963,1.000000000,2.621233084
PN-C02-016-D0004,PN-C02-016,DS02,pampa_norte,CAMPAIGN_02,80.195039963,81.195039963,1.000000000,2.632535260
PN-C02-016-D0005,PN-C02-016,DS02,pampa_norte,CAMPAIGN_02,105.195039963,106.195039963,1.000000000,2.686605975
PN-C02-016-D0006,PN-C02-016,DS02,pampa_norte,CAMPAIGN_02,130.195039963,131.195039963,1.000000000,2.627417655
PN-C02-016-D0007,PN-C02-016,DS02,pampa_norte,CAMPAIGN_02,155.195039963,156.195039963,1.000000000,2.616360604
PN-C02-016-D0008,PN-C02-016,DS02,pampa_norte,CAMPAIGN_02,180.195039963,181.195039963,1.000000000,2.616450420
PN-C02-016-D0009,PN-C02-016,DS02,pampa_norte,CAMPAIGN_02,205.195039963,206.195039963,1.000000000,2.663849425
PN-C02-016-D0010,PN-C02-016,DS02,pampa_norte,CAMPAIGN_02,230.195039963,231.195039963,1.000000000,2.639409309
PN-C02-016-D0011,PN-C02-016,DS02,pampa_norte,CAMPAIGN_02,255.195039963,256.195039963,1.000000000,2.650819935
PN-C02-017-D0001,PN-C02-017,DS02,pampa_norte,CAMPAIGN_02,10.105894080,11.105894080,1.000000000,2.194407671
PN-C02-017-D0002,PN-C02-017,DS02,pampa_norte,CAMPAIGN_02,35.105894080,36.105894080,1.000000000,2.684018174
PN-C02-017-D0003,PN-C02-017,DS02,pampa_norte,CAMPAIGN_02,60.105894080,61.105894080,1.000000000,2.705511624
PN-C02-017-D0004,PN-C02-017,DS02,pampa_norte,CAMPAIGN_02,85.105894080,86.105894080,1.000000000,2.661093161
PN-C02-017-D0005,PN-C02-017,DS02,pampa_norte,CAMPAIGN_02,110.105894080,111.105894080,1.000000000,2.643620538
PN-C02-017-D0006,PN-C02-017,DS02,pampa_norte,CAMPAIGN_02,135.105894080,136.105894080,1.000000000,2.656249516
PN-C02-017-D0007,PN-C02-017,DS02,pampa_norte,CAMPAIGN_02,160.105894080,161.105894080,1.000000000,2.664783650
PN-C02-017-D0008,PN-C02-017,DS02,pampa_norte,CAMPAIGN_02,185.105894080,186.105894080,1.000000000,2.626281394
PN-C02-017-D0009,PN-C02-017,DS02,pampa_norte,CAMPAIGN_02,210.105894080,211.105894080,1.000000000,2.655228320
PN-C02-017-D0010,PN-C02-017,DS02,pampa_norte,CAMPAIGN_02,235.105894080,236.105894080,1.000000000,2.645148575
PN-C02-017-D0011,PN-C02-017,DS02,pampa_norte,CAMPAIGN_02,260.105894080,261.105894080,1.000000000,2.611247491
PN-C02-017-D0012,PN-C02-017,DS02,pampa_norte,CAMPAIGN_02,285.105894080,286.105894080,1.000000000,2.622482286
PN-C02-017-D0013,PN-C02-017,DS02,pampa_norte,CAMPAIGN_02,310.105894080,311.105894080,1.000000000,2.649010814
PN-C02-018-D0001,PN-C02-018,DS02,pampa_norte,CAMPAIGN_02,21.750885207,22.750885207,1.000000000,2.697887883
PN-C02-018-D0002,PN-C02-018,DS02,pampa_norte,CAMPAIGN_02,46.750885207,47.750885207,1.000000000,2.697398576
PN-C02-018-D0003,PN-C02-018,DS02,pampa_norte,CAMPAIGN_02,71.750885207,72.750885207,1.000000000,2.717354591
PN-C02-018-D0004,PN-C02-018,DS02,pampa_norte,CAMPAIGN_02,96.750885207,97.750885207,1.000000000,2.717009850
PN-C02-018-D0005,PN-C02-018,DS02,pampa_norte,CAMPAIGN_02,121.750885207,122.750885207,1.000000000,2.695616060
PN-C02-018-D0006,PN-C02-018,DS02,pampa_norte,CAMPAIGN_02,146.750885207,147.750885207,1.000000000,2.746455274
PN-C02-018-D0007,PN-C02-018,DS02,pampa_norte,CAMPAIGN_02,171.750885207,172.750885207,1.000000000,2.740263963
PN-C02-018-D0008,PN-C02-018,DS02,pampa_norte,CAMPAIGN_02,196.750885207,197.750885207,1.000000000,2.715128064
PN-C02-018-D0009,PN-C02-018,DS02,pampa_norte,CAMPAIGN_02,221.750885207,222.750885207,1.000000000,2.625219890
PN-C02-018-D0010,PN-C02-018,DS02,pampa_norte,CAMPAIGN_02,246.750885207,247.750885207,1.000000000,2.595663819
PN-C02-018-D0011,PN-C02-018,DS02,pampa_norte,CAMPAIGN_02,271.750885207,272.750885207,1.000000000,2.639924676
PN-C02-018-D0012,PN-C02-018,DS02,pampa_norte,CAMPAIGN_02,296.750885207,297.750885207,1.000000000,2.667623282
PN-C02-018-D0013,PN-C02-018,DS02,pampa_norte,CAMPAIGN_02,321.750885207,322.750885207,1.000000000,2.630178525
PN-C02-018-D0014,PN-C02-018,DS02,pampa_norte,CAMPAIGN_02,346.750885207,347.750885207,1.000000000,2.637482851
PN-C02-018-D0015,PN-C02-018,DS02,pampa_norte,CAMPAIGN_02,371.750885207,372.750885207,1.000000000,2.665145003
PN-C02-018-D0016,PN-C02-018,DS02,pampa_norte,CAMPAIGN_02,396.750885207,397.750885207,1.000000000,2.631479424
PN-C02-019-D0001,PN-C02-019,DS02,pampa_norte,CAMPAIGN_02,0.896903647,1.896903647,1.000000000,2.176283730
PN-C02-019-D0002,PN-C02-019,DS02,pampa_norte,CAMPAIGN_02,25.896903647,26.896903647,1.000000000,2.616877701
PN-C02-019-D0003,PN-C02-019,DS02,pampa_norte,CAMPAIGN_02,50.896903647,51.896903647,1.000000000,2.658362122
PN-C02-019-D0004,PN-C02-019,DS02,pampa_norte,CAMPAIGN_02,75.896903647,76.896903647,1.000000000,2.639843200
PN-C02-019-D0005,PN-C02-019,DS02,pampa_norte,CAMPAIGN_02,100.896903647,101.896903647,1.000000000,2.627341008
PN-C02-019-D0006,PN-C02-019,DS02,pampa_norte,CAMPAIGN_02,125.896903647,126.896903647,1.000000000,2.656640779
PN-C02-019-D0007,PN-C02-019,DS02,pampa_norte,CAMPAIGN_02,150.896903647,151.896903647,1.000000000,2.664289914
PN-C02-019-D0008,PN-C02-019,DS02,pampa_norte,CAMPAIGN_02,175.896903647,176.896903647,1.000000000,2.675751380
PN-C02-019-D0009,PN-C02-019,DS02,pampa_norte,CAMPAIGN_02,200.896903647,201.896903647,1.000000000,2.668611469
PN-C02-020-D0001,PN-C02-020,DS02,pampa_norte,CAMPAIGN_02,12.765460705,13.765460705,1.000000000,2.685301897
PN-C02-020-D0002,PN-C02-020,DS02,pampa_norte,CAMPAIGN_02,37.765460705,38.765460705,1.000000000,2.662184346
PN-C02-020-D0003,PN-C02-020,DS02,pampa_norte,CAMPAIGN_02,62.765460705,63.765460705,1.000000000,2.643767925
PN-C02-020-D0004,PN-C02-020,DS02,pampa_norte,CAMPAIGN_02,87.765460705,88.765460705,1.000000000,2.628017273
PN-C02-020-D0005,PN-C02-020,DS02,pampa_norte,CAMPAIGN_02,112.765460705,113.765460705,1.000000000,2.637561564
PN-C02-020-D0006,PN-C02-020,DS02,pampa_norte,CAMPAIGN_02,137.765460705,138.765460705,1.000000000,2.625476843
PN-C02-020-D0007,PN-C02-020,DS02,pampa_norte,CAMPAIGN_02,162.765460705,163.765460705,1.000000000,2.643598207
PN-C02-020-D0008,PN-C02-020,DS02,pampa_norte,CAMPAIGN_02,187.765460705,188.765460705,1.000000000,2.618124449
PN-C02-020-D0009,PN-C02-020,DS02,pampa_norte,CAMPAIGN_02,212.765460705,213.765460705,1.000000000,2.627332824
PN-C02-021-D0001,PN-C02-021,DS02,pampa_norte,CAMPAIGN_02,15.045209098,16.045209098,1.000000000,2.660638190
PN-C02-021-D0002,PN-C02-021,DS02,pampa_norte,CAMPAIGN_02,40.045209098,41.045209098,1.000000000,2.646836184
PN-C02-021-D0003,PN-C02-021,DS02,pampa_norte,CAMPAIGN_02,65.045209098,66.045209098,1.000000000,2.651635848
PN-C02-021-D0004,PN-C02-021,DS02,pampa_norte,CAMPAIGN_02,90.045209098,91.045209098,1.000000000,2.624674289
PN-C02-021-D0005,PN-C02-021,DS02,pampa_norte,CAMPAIGN_02,115.045209098,116.045209098,1.000000000,2.649264185
PN-C02-021-D0006,PN-C02-021,DS02,pampa_norte,CAMPAIGN_02,140.045209098,141.045209098,1.000000000,2.648103816
PN-C02-021-D0007,PN-C02-021,DS02,pampa_norte,CAMPAIGN_02,165.045209098,166.045209098,1.000000000,2.630697937
PN-C02-021-D0008,PN-C02-021,DS02,pampa_norte,CAMPAIGN_02,190.045209098,191.045209098,1.000000000,2.642944073
PN-C02-021-D0009,PN-C02-021,DS02,pampa_norte,CAMPAIGN_02,215.045209098,216.045209098,1.000000000,2.620698003
PN-C02-022-D0001,PN-C02-022,DS02,pampa_norte,CAMPAIGN_02,11.652441505,12.652441505,1.000000000,2.630834372
PN-C02-022-D0002,PN-C02-022,DS02,pampa_norte,CAMPAIGN_02,36.652441505,37.652441505,1.000000000,2.638950145
PN-C02-022-D0003,PN-C02-022,DS02,pampa_norte,CAMPAIGN_02,61.652441505,62.652441505,1.000000000,2.626333465
PN-C02-022-D0004,PN-C02-022,DS02,pampa_norte,CAMPAIGN_02,86.652441505,87.652441505,1.000000000,2.620415571
PN-C02-022-D0005,PN-C02-022,DS02,pampa_norte,CAMPAIGN_02,111.652441505,112.652441505,1.000000000,2.648014343
PN-C02-022-D0006,PN-C02-022,DS02,pampa_norte,CAMPAIGN_02,136.652441505,137.652441505,1.000000000,2.639238147
PN-C02-022-D0007,PN-C02-022,DS02,pampa_norte,CAMPAIGN_02,161.652441505,162.652441505,1.000000000,2.640107735
PN-C02-022-D0008,PN-C02-022,DS02,pampa_norte,CAMPAIGN_02,186.652441505,187.652441505,1.000000000,2.628447074
PN-C02-022-D0009,PN-C02-022,DS02,pampa_norte,CAMPAIGN_02,211.652441505,212.652441505,1.000000000,2.647452804
PN-C02-023-D0001,PN-C02-023,DS02,pampa_norte,CAMPAIGN_02,15.901240058,16.901240058,1.000000000,2.698001629
PN-C02-023-D0002,PN-C02-023,DS02,pampa_norte,CAMPAIGN_02,40.901240058,41.901240058,1.000000000,2.738649740
PN-C02-023-D0003,PN-C02-023,DS02,pampa_norte,CAMPAIGN_02,65.901240058,66.901240058,1.000000000,2.728964034
PN-C02-023-D0004,PN-C02-023,DS02,pampa_norte,CAMPAIGN_02,90.901240058,91.901240058,1.000000000,2.649871014
PN-C02-023-D0005,PN-C02-023,DS02,pampa_norte,CAMPAIGN_02,115.901240058,116.901240058,1.000000000,2.648541113
PN-C02-023-D0006,PN-C02-023,DS02,pampa_norte,CAMPAIGN_02,140.901240058,141.901240058,1.000000000,2.609369729
PN-C02-023-D0007,PN-C02-023,DS02,pampa_norte,CAMPAIGN_02,165.901240058,166.901240058,1.000000000,2.671861027
PN-C02-023-D0008,PN-C02-023,DS02,pampa_norte,CAMPAIGN_02,190.901240058,191.901240058,1.000000000,2.686657432
PN-C02-023-D0009,PN-C02-023,DS02,pampa_norte,CAMPAIGN_02,215.901240058,216.901240058,1.000000000,2.642586324
PN-C02-023-D0010,PN-C02-023,DS02,pampa_norte,CAMPAIGN_02,240.901240058,241.901240058,1.000000000,2.659555330
PN-C02-023-D0011,PN-C02-023,DS02,pampa_norte,CAMPAIGN_02,265.901240058,266.901240058,1.000000000,2.674176981
PN-C02-023-D0012,PN-C02-023,DS02,pampa_norte,CAMPAIGN_02,290.901240058,291.901240058,1.000000000,2.617744841
PN-C02-024-D0001,PN-C02-024,DS02,pampa_norte,CAMPAIGN_02,17.418728387,18.418728387,1.000000000,2.712765480
PN-C02-024-D0002,PN-C02-024,DS02,pampa_norte,CAMPAIGN_02,42.418728387,43.418728387,1.000000000,2.714393268
PN-C02-024-D0003,PN-C02-024,DS02,pampa_norte,CAMPAIGN_02,67.418728387,68.418728387,1.000000000,2.723810880
PN-C02-024-D0004,PN-C02-024,DS02,pampa_norte,CAMPAIGN_02,92.418728387,93.418728387,1.000000000,2.724291626
PN-C02-024-D0005,PN-C02-024,DS02,pampa_norte,CAMPAIGN_02,117.418728387,118.418728387,1.000000000,2.699449367
PN-C02-024-D0006,PN-C02-024,DS02,pampa_norte,CAMPAIGN_02,142.418728387,143.418728387,1.000000000,2.737745532
PN-C02-024-D0007,PN-C02-024,DS02,pampa_norte,CAMPAIGN_02,167.418728387,168.418728387,1.000000000,2.751198365
PN-C02-024-D0008,PN-C02-024,DS02,pampa_norte,CAMPAIGN_02,192.418728387,193.418728387,1.000000000,2.733629712
PN-C02-024-D0009,PN-C02-024,DS02,pampa_norte,CAMPAIGN_02,217.418728387,218.418728387,1.000000000,2.725280715
PN-C02-024-D0010,PN-C02-024,DS02,pampa_norte,CAMPAIGN_02,242.418728387,243.418728387,1.000000000,2.648556241
PN-C02-024-D0011,PN-C02-024,DS02,pampa_norte,CAMPAIGN_02,267.418728387,268.418728387,1.000000000,2.610114996
PN-C02-024-D0012,PN-C02-024,DS02,pampa_norte,CAMPAIGN_02,292.418728387,293.418728387,1.000000000,2.675428521
PN-C02-024-D0013,PN-C02-024,DS02,pampa_norte,CAMPAIGN_02,317.418728387,318.418728387,1.000000000,2.626611638
PN-C02-024-D0014,PN-C02-024,DS02,pampa_norte,CAMPAIGN_02,342.418728387,343.418728387,1.000000000,2.640873507
PN-C02-024-D0015,PN-C02-024,DS02,pampa_norte,CAMPAIGN_02,367.418728387,368.418728387,1.000000000,2.636407763
PN-C02-025-D0001,PN-C02-025,DS02,pampa_norte,CAMPAIGN_02,3.454750231,4.454750231,1.000000000,2.174556354
PN-C02-025-D0002,PN-C02-025,DS02,pampa_norte,CAMPAIGN_02,28.454750231,29.454750231,1.000000000,2.720432092
PN-C02-025-D0003,PN-C02-025,DS02,pampa_norte,CAMPAIGN_02,53.454750231,54.454750231,1.000000000,2.702082069
PN-C02-025-D0004,PN-C02-025,DS02,pampa_norte,CAMPAIGN_02,78.454750231,79.454750231,1.000000000,2.654320071
PN-C02-025-D0005,PN-C02-025,DS02,pampa_norte,CAMPAIGN_02,103.454750231,104.454750231,1.000000000,2.617714845
PN-C02-025-D0006,PN-C02-025,DS02,pampa_norte,CAMPAIGN_02,128.454750231,129.454750231,1.000000000,2.679143897
PN-C02-025-D0007,PN-C02-025,DS02,pampa_norte,CAMPAIGN_02,153.454750231,154.454750231,1.000000000,2.608052126
PN-C02-025-D0008,PN-C02-025,DS02,pampa_norte,CAMPAIGN_02,178.454750231,179.454750231,1.000000000,2.651252789
PN-C02-025-D0009,PN-C02-025,DS02,pampa_norte,CAMPAIGN_02,203.454750231,204.454750231,1.000000000,2.629883562
PN-C02-026-D0001,PN-C02-026,DS02,pampa_norte,CAMPAIGN_02,22.067546939,23.067546939,1.000000000,2.641686578
PN-C02-026-D0002,PN-C02-026,DS02,pampa_norte,CAMPAIGN_02,47.067546939,48.067546939,1.000000000,2.637604574
PN-C02-026-D0003,PN-C02-026,DS02,pampa_norte,CAMPAIGN_02,72.067546939,73.067546939,1.000000000,2.654142616
PN-C02-026-D0004,PN-C02-026,DS02,pampa_norte,CAMPAIGN_02,97.067546939,98.067546939,1.000000000,2.652469186
PN-C02-026-D0005,PN-C02-026,DS02,pampa_norte,CAMPAIGN_02,122.067546939,123.067546939,1.000000000,2.611829191
PN-C02-026-D0006,PN-C02-026,DS02,pampa_norte,CAMPAIGN_02,147.067546939,148.067546939,1.000000000,2.662708042
PN-C02-026-D0007,PN-C02-026,DS02,pampa_norte,CAMPAIGN_02,172.067546939,173.067546939,1.000000000,2.675886575
PN-C02-026-D0008,PN-C02-026,DS02,pampa_norte,CAMPAIGN_02,197.067546939,198.067546939,1.000000000,2.641896495
PN-C02-027-D0001,PN-C02-027,DS02,pampa_norte,CAMPAIGN_02,7.502063942,8.502063942,1.000000000,2.171015539
PN-C02-027-D0002,PN-C02-027,DS02,pampa_norte,CAMPAIGN_02,32.502063942,33.502063942,1.000000000,2.645411889
PN-C02-027-D0003,PN-C02-027,DS02,pampa_norte,CAMPAIGN_02,57.502063942,58.502063942,1.000000000,2.626585036
PN-C02-027-D0004,PN-C02-027,DS02,pampa_norte,CAMPAIGN_02,82.502063942,83.502063942,1.000000000,2.609658939
PN-C02-027-D0005,PN-C02-027,DS02,pampa_norte,CAMPAIGN_02,107.502063942,108.502063942,1.000000000,2.633428392
PN-C02-027-D0006,PN-C02-027,DS02,pampa_norte,CAMPAIGN_02,132.502063942,133.502063942,1.000000000,2.669119453
PN-C02-027-D0007,PN-C02-027,DS02,pampa_norte,CAMPAIGN_02,157.502063942,158.502063942,1.000000000,2.640804451
PN-C02-027-D0008,PN-C02-027,DS02,pampa_norte,CAMPAIGN_02,182.502063942,183.502063942,1.000000000,2.648977058
PN-C02-027-D0009,PN-C02-027,DS02,pampa_norte,CAMPAIGN_02,207.502063942,208.502063942,1.000000000,2.643507629
PN-C02-028-D0001,PN-C02-028,DS02,pampa_norte,CAMPAIGN_02,0.249287590,1.249287590,1.000000000,2.204328724
PN-C02-028-D0002,PN-C02-028,DS02,pampa_norte,CAMPAIGN_02,25.249287590,26.249287590,1.000000000,2.694036276
PN-C02-028-D0003,PN-C02-028,DS02,pampa_norte,CAMPAIGN_02,50.249287590,51.249287590,1.000000000,2.720836070
PN-C02-028-D0004,PN-C02-028,DS02,pampa_norte,CAMPAIGN_02,75.249287590,76.249287590,1.000000000,2.612400463
PN-C02-028-D0005,PN-C02-028,DS02,pampa_norte,CAMPAIGN_02,100.249287590,101.249287590,1.000000000,2.661482250
PN-C02-028-D0006,PN-C02-028,DS02,pampa_norte,CAMPAIGN_02,125.249287590,126.249287590,1.000000000,2.621038076
PN-C02-028-D0007,PN-C02-028,DS02,pampa_norte,CAMPAIGN_02,150.249287590,151.249287590,1.000000000,2.643155042
PN-C02-028-D0008,PN-C02-028,DS02,pampa_norte,CAMPAIGN_02,175.249287590,176.249287590,1.000000000,2.638410829
PN-C02-028-D0009,PN-C02-028,DS02,pampa_norte,CAMPAIGN_02,200.249287590,201.249287590,1.000000000,2.628105438
PN-C02-028-D0010,PN-C02-028,DS02,pampa_norte,CAMPAIGN_02,225.249287590,226.249287590,1.000000000,2.713577517
PN-C02-029-D0001,PN-C02-029,DS02,pampa_norte,CAMPAIGN_02,2.859016900,3.859016900,1.000000000,2.185629279
PN-C02-029-D0002,PN-C02-029,DS02,pampa_norte,CAMPAIGN_02,27.859016900,28.859016900,1.000000000,2.685588868
PN-C02-029-D0003,PN-C02-029,DS02,pampa_norte,CAMPAIGN_02,52.859016900,53.859016900,1.000000000,2.682318908
PN-C02-029-D0004,PN-C02-029,DS02,pampa_norte,CAMPAIGN_02,77.859016900,78.859016900,1.000000000,2.678959548
PN-C02-029-D0005,PN-C02-029,DS02,pampa_norte,CAMPAIGN_02,102.859016900,103.859016900,1.000000000,2.715241807
PN-C02-029-D0006,PN-C02-029,DS02,pampa_norte,CAMPAIGN_02,127.859016900,128.859016900,1.000000000,2.736112585
PN-C02-029-D0007,PN-C02-029,DS02,pampa_norte,CAMPAIGN_02,152.859016900,153.859016900,1.000000000,2.640905302
PN-C02-029-D0008,PN-C02-029,DS02,pampa_norte,CAMPAIGN_02,177.859016900,178.859016900,1.000000000,2.648840026
PN-C02-029-D0009,PN-C02-029,DS02,pampa_norte,CAMPAIGN_02,202.859016900,203.859016900,1.000000000,2.645199624
PN-C02-029-D0010,PN-C02-029,DS02,pampa_norte,CAMPAIGN_02,227.859016900,228.859016900,1.000000000,2.639721577
PN-C02-029-D0011,PN-C02-029,DS02,pampa_norte,CAMPAIGN_02,252.859016900,253.859016900,1.000000000,2.606216388
PN-C02-029-D0012,PN-C02-029,DS02,pampa_norte,CAMPAIGN_02,277.859016900,278.859016900,1.000000000,2.648223498
PN-C02-030-D0001,PN-C02-030,DS02,pampa_norte,CAMPAIGN_02,13.668312514,14.668312514,1.000000000,2.738640464
PN-C02-030-D0002,PN-C02-030,DS02,pampa_norte,CAMPAIGN_02,38.668312514,39.668312514,1.000000000,2.691490620
PN-C02-030-D0003,PN-C02-030,DS02,pampa_norte,CAMPAIGN_02,63.668312514,64.668312514,1.000000000,2.722388363
PN-C02-030-D0004,PN-C02-030,DS02,pampa_norte,CAMPAIGN_02,88.668312514,89.668312514,1.000000000,2.702890939
PN-C02-030-D0005,PN-C02-030,DS02,pampa_norte,CAMPAIGN_02,113.668312514,114.668312514,1.000000000,2.712408411
PN-C02-030-D0006,PN-C02-030,DS02,pampa_norte,CAMPAIGN_02,138.668312514,139.668312514,1.000000000,2.749909597
PN-C02-030-D0007,PN-C02-030,DS02,pampa_norte,CAMPAIGN_02,163.668312514,164.668312514,1.000000000,2.724249795
PN-C02-030-D0008,PN-C02-030,DS02,pampa_norte,CAMPAIGN_02,188.668312514,189.668312514,1.000000000,2.660825162
PN-C02-030-D0009,PN-C02-030,DS02,pampa_norte,CAMPAIGN_02,213.668312514,214.668312514,1.000000000,2.715082167
PN-C02-030-D0010,PN-C02-030,DS02,pampa_norte,CAMPAIGN_02,238.668312514,239.668312514,1.000000000,2.728497937
PN-C02-030-D0011,PN-C02-030,DS02,pampa_norte,CAMPAIGN_02,263.668312514,264.668312514,1.000000000,2.677670929
PN-C02-030-D0012,PN-C02-030,DS02,pampa_norte,CAMPAIGN_02,288.668312514,289.668312514,1.000000000,2.653369335
PN-C02-030-D0013,PN-C02-030,DS02,pampa_norte,CAMPAIGN_02,313.668312514,314.668312514,1.000000000,2.669880786
PN-C02-030-D0014,PN-C02-030,DS02,pampa_norte,CAMPAIGN_02,338.668312514,339.668312514,1.000000000,2.639531874
PN-C02-030-D0015,PN-C02-030,DS02,pampa_norte,CAMPAIGN_02,363.668312514,364.668312514,1.000000000,2.693926212
PN-C03-001-D0001,PN-C03-001,DS02,pampa_norte,CAMPAIGN_03,14.558800755,15.558800755,1.000000000,2.620298018
PN-C03-001-D0002,PN-C03-001,DS02,pampa_norte,CAMPAIGN_03,39.558800755,40.558800755,1.000000000,2.619502509
PN-C03-001-D0003,PN-C03-001,DS02,pampa_norte,CAMPAIGN_03,64.558800755,65.558800755,1.000000000,2.630939498
PN-C03-001-D0004,PN-C03-001,DS02,pampa_norte,CAMPAIGN_03,89.558800755,90.558800755,1.000000000,2.615536639
PN-C03-001-D0005,PN-C03-001,DS02,pampa_norte,CAMPAIGN_03,114.558800755,115.558800755,1.000000000,2.634084825
PN-C03-001-D0006,PN-C03-001,DS02,pampa_norte,CAMPAIGN_03,139.558800755,140.558800755,1.000000000,2.646205924
PN-C03-001-D0007,PN-C03-001,DS02,pampa_norte,CAMPAIGN_03,164.558800755,165.558800755,1.000000000,2.630834795
PN-C03-001-D0008,PN-C03-001,DS02,pampa_norte,CAMPAIGN_03,189.558800755,190.558800755,1.000000000,2.636095943
PN-C03-001-D0009,PN-C03-001,DS02,pampa_norte,CAMPAIGN_03,214.558800755,215.558800755,1.000000000,2.660455049
PN-C03-001-D0010,PN-C03-001,DS02,pampa_norte,CAMPAIGN_03,239.558800755,240.558800755,1.000000000,2.626757334
PN-C03-002-D0001,PN-C03-002,DS02,pampa_norte,CAMPAIGN_03,6.300798038,7.300798038,1.000000000,2.188666200
PN-C03-002-D0002,PN-C03-002,DS02,pampa_norte,CAMPAIGN_03,31.300798038,32.300798038,1.000000000,2.720772747
PN-C03-002-D0003,PN-C03-002,DS02,pampa_norte,CAMPAIGN_03,56.300798038,57.300798038,1.000000000,2.698166441
PN-C03-002-D0004,PN-C03-002,DS02,pampa_norte,CAMPAIGN_03,81.300798038,82.300798038,1.000000000,2.674977820
PN-C03-002-D0005,PN-C03-002,DS02,pampa_norte,CAMPAIGN_03,106.300798038,107.300798038,1.000000000,2.638391534
PN-C03-002-D0006,PN-C03-002,DS02,pampa_norte,CAMPAIGN_03,131.300798038,132.300798038,1.000000000,2.643211932
PN-C03-002-D0007,PN-C03-002,DS02,pampa_norte,CAMPAIGN_03,156.300798038,157.300798038,1.000000000,2.625821441
PN-C03-002-D0008,PN-C03-002,DS02,pampa_norte,CAMPAIGN_03,181.300798038,182.300798038,1.000000000,2.635165600
PN-C03-002-D0009,PN-C03-002,DS02,pampa_norte,CAMPAIGN_03,206.300798038,207.300798038,1.000000000,2.652365376
PN-C03-002-D0010,PN-C03-002,DS02,pampa_norte,CAMPAIGN_03,231.300798038,232.300798038,1.000000000,2.609202396
PN-C03-002-D0011,PN-C03-002,DS02,pampa_norte,CAMPAIGN_03,256.300798038,257.300798038,1.000000000,2.658378384
PN-C03-002-D0012,PN-C03-002,DS02,pampa_norte,CAMPAIGN_03,281.300798038,282.300798038,1.000000000,2.648932302
PN-C03-002-D0013,PN-C03-002,DS02,pampa_norte,CAMPAIGN_03,306.300798038,307.300798038,1.000000000,2.615649269
PN-C03-002-D0014,PN-C03-002,DS02,pampa_norte,CAMPAIGN_03,331.300798038,332.300798038,1.000000000,2.673754547
PN-C03-002-D0015,PN-C03-002,DS02,pampa_norte,CAMPAIGN_03,356.300798038,357.300798038,1.000000000,2.641057724
PN-C03-002-D0016,PN-C03-002,DS02,pampa_norte,CAMPAIGN_03,381.300798038,382.300798038,1.000000000,2.639547789
PN-C03-003-D0001,PN-C03-003,DS02,pampa_norte,CAMPAIGN_03,8.470666723,9.470666723,1.000000000,2.211626045
PN-C03-003-D0002,PN-C03-003,DS02,pampa_norte,CAMPAIGN_03,33.470666723,34.470666723,1.000000000,2.695140415
PN-C03-003-D0003,PN-C03-003,DS02,pampa_norte,CAMPAIGN_03,58.470666723,59.470666723,1.000000000,2.656970446
PN-C03-003-D0004,PN-C03-003,DS02,pampa_norte,CAMPAIGN_03,83.470666723,84.470666723,1.000000000,2.633127703
PN-C03-003-D0005,PN-C03-003,DS02,pampa_norte,CAMPAIGN_03,108.470666723,109.470666723,1.000000000,2.638970527
PN-C03-003-D0006,PN-C03-003,DS02,pampa_norte,CAMPAIGN_03,133.470666723,134.470666723,1.000000000,2.668397448
PN-C03-003-D0007,PN-C03-003,DS02,pampa_norte,CAMPAIGN_03,158.470666723,159.470666723,1.000000000,2.644902167
PN-C03-003-D0008,PN-C03-003,DS02,pampa_norte,CAMPAIGN_03,183.470666723,184.470666723,1.000000000,2.635435465
PN-C03-003-D0009,PN-C03-003,DS02,pampa_norte,CAMPAIGN_03,208.470666723,209.470666723,1.000000000,2.607957697
PN-C03-003-D0010,PN-C03-003,DS02,pampa_norte,CAMPAIGN_03,233.470666723,234.470666723,1.000000000,2.622219581
PN-C03-003-D0011,PN-C03-003,DS02,pampa_norte,CAMPAIGN_03,258.470666723,259.470666723,1.000000000,2.649523949
PN-C03-003-D0012,PN-C03-003,DS02,pampa_norte,CAMPAIGN_03,283.470666723,284.470666723,1.000000000,2.649504757
PN-C03-003-D0013,PN-C03-003,DS02,pampa_norte,CAMPAIGN_03,308.470666723,309.470666723,1.000000000,2.672859799
PN-C03-004-D0001,PN-C03-004,DS02,pampa_norte,CAMPAIGN_03,10.250450716,11.250450716,1.000000000,2.680858527
PN-C03-004-D0002,PN-C03-004,DS02,pampa_norte,CAMPAIGN_03,35.250450716,36.250450716,1.000000000,2.602321234
PN-C03-004-D0003,PN-C03-004,DS02,pampa_norte,CAMPAIGN_03,60.250450716,61.250450716,1.000000000,2.639748062
PN-C03-004-D0004,PN-C03-004,DS02,pampa_norte,CAMPAIGN_03,85.250450716,86.250450716,1.000000000,2.652695727
PN-C03-004-D0005,PN-C03-004,DS02,pampa_norte,CAMPAIGN_03,110.250450716,111.250450716,1.000000000,2.652035370
PN-C03-004-D0006,PN-C03-004,DS02,pampa_norte,CAMPAIGN_03,135.250450716,136.250450716,1.000000000,2.684576470
PN-C03-004-D0007,PN-C03-004,DS02,pampa_norte,CAMPAIGN_03,160.250450716,161.250450716,1.000000000,2.639947068
PN-C03-004-D0008,PN-C03-004,DS02,pampa_norte,CAMPAIGN_03,185.250450716,186.250450716,1.000000000,2.621895254
PN-C03-004-D0009,PN-C03-004,DS02,pampa_norte,CAMPAIGN_03,210.250450716,211.250450716,1.000000000,2.608732108
PN-C03-005-D0001,PN-C03-005,DS02,pampa_norte,CAMPAIGN_03,19.349432790,20.349432790,1.000000000,2.667408192
PN-C03-005-D0002,PN-C03-005,DS02,pampa_norte,CAMPAIGN_03,44.349432790,45.349432790,1.000000000,2.669540923
PN-C03-005-D0003,PN-C03-005,DS02,pampa_norte,CAMPAIGN_03,69.349432790,70.349432790,1.000000000,2.628251866
PN-C03-005-D0004,PN-C03-005,DS02,pampa_norte,CAMPAIGN_03,94.349432790,95.349432790,1.000000000,2.637558058
PN-C03-005-D0005,PN-C03-005,DS02,pampa_norte,CAMPAIGN_03,119.349432790,120.349432790,1.000000000,2.670334831
PN-C03-005-D0006,PN-C03-005,DS02,pampa_norte,CAMPAIGN_03,144.349432790,145.349432790,1.000000000,2.673485724
PN-C03-005-D0007,PN-C03-005,DS02,pampa_norte,CAMPAIGN_03,169.349432790,170.349432790,1.000000000,2.607505630
PN-C03-005-D0008,PN-C03-005,DS02,pampa_norte,CAMPAIGN_03,194.349432790,195.349432790,1.000000000,2.640173968
PN-C03-005-D0009,PN-C03-005,DS02,pampa_norte,CAMPAIGN_03,219.349432790,220.349432790,1.000000000,2.641088152
PN-C03-005-D0010,PN-C03-005,DS02,pampa_norte,CAMPAIGN_03,244.349432790,245.349432790,1.000000000,2.682357888
PN-C03-005-D0011,PN-C03-005,DS02,pampa_norte,CAMPAIGN_03,269.349432790,270.349432790,1.000000000,2.601689316
PN-C03-006-D0001,PN-C03-006,DS02,pampa_norte,CAMPAIGN_03,22.565804803,23.565804803,1.000000000,2.636197013
PN-C03-006-D0002,PN-C03-006,DS02,pampa_norte,CAMPAIGN_03,47.565804803,48.565804803,1.000000000,2.630531999
PN-C03-006-D0003,PN-C03-006,DS02,pampa_norte,CAMPAIGN_03,72.565804803,73.565804803,1.000000000,2.620532302
PN-C03-006-D0004,PN-C03-006,DS02,pampa_norte,CAMPAIGN_03,97.565804803,98.565804803,1.000000000,2.626215248
PN-C03-006-D0005,PN-C03-006,DS02,pampa_norte,CAMPAIGN_03,122.565804803,123.565804803,1.000000000,2.645704777
PN-C03-006-D0006,PN-C03-006,DS02,pampa_norte,CAMPAIGN_03,147.565804803,148.565804803,1.000000000,2.611350215
PN-C03-006-D0007,PN-C03-006,DS02,pampa_norte,CAMPAIGN_03,172.565804803,173.565804803,1.000000000,2.653606395
PN-C03-006-D0008,PN-C03-006,DS02,pampa_norte,CAMPAIGN_03,197.565804803,198.565804803,1.000000000,2.640223976
PN-C03-006-D0009,PN-C03-006,DS02,pampa_norte,CAMPAIGN_03,222.565804803,223.565804803,1.000000000,2.647037532
PN-C03-006-D0010,PN-C03-006,DS02,pampa_norte,CAMPAIGN_03,247.565804803,248.565804803,1.000000000,2.637115111
PN-C03-006-D0011,PN-C03-006,DS02,pampa_norte,CAMPAIGN_03,272.565804803,273.565804803,1.000000000,2.652407346
PN-C03-006-D0012,PN-C03-006,DS02,pampa_norte,CAMPAIGN_03,297.565804803,298.565804803,1.000000000,2.640843841
PN-C03-007-D0001,PN-C03-007,DS02,pampa_norte,CAMPAIGN_03,22.748477760,23.748477760,1.000000000,2.620399849
PN-C03-007-D0002,PN-C03-007,DS02,pampa_norte,CAMPAIGN_03,47.748477760,48.748477760,1.000000000,2.649496119
PN-C03-007-D0003,PN-C03-007,DS02,pampa_norte,CAMPAIGN_03,72.748477760,73.748477760,1.000000000,2.659595059
PN-C03-007-D0004,PN-C03-007,DS02,pampa_norte,CAMPAIGN_03,97.748477760,98.748477760,1.000000000,2.623049308
PN-C03-007-D0005,PN-C03-007,DS02,pampa_norte,CAMPAIGN_03,122.748477760,123.748477760,1.000000000,2.651592798
PN-C03-007-D0006,PN-C03-007,DS02,pampa_norte,CAMPAIGN_03,147.748477760,148.748477760,1.000000000,2.649653298
PN-C03-007-D0007,PN-C03-007,DS02,pampa_norte,CAMPAIGN_03,172.748477760,173.748477760,1.000000000,2.634294306
PN-C03-007-D0008,PN-C03-007,DS02,pampa_norte,CAMPAIGN_03,197.748477760,198.748477760,1.000000000,2.641850448
PN-C03-007-D0009,PN-C03-007,DS02,pampa_norte,CAMPAIGN_03,222.748477760,223.748477760,1.000000000,2.609691701
PN-C03-008-D0001,PN-C03-008,DS02,pampa_norte,CAMPAIGN_03,7.207535821,8.207535821,1.000000000,2.218134972
PN-C03-008-D0002,PN-C03-008,DS02,pampa_norte,CAMPAIGN_03,32.207535821,33.207535821,1.000000000,2.718995325
PN-C03-008-D0003,PN-C03-008,DS02,pampa_norte,CAMPAIGN_03,57.207535821,58.207535821,1.000000000,2.709870822
PN-C03-008-D0004,PN-C03-008,DS02,pampa_norte,CAMPAIGN_03,82.207535821,83.207535821,1.000000000,2.690549638
PN-C03-008-D0005,PN-C03-008,DS02,pampa_norte,CAMPAIGN_03,107.207535821,108.207535821,1.000000000,2.711693858
PN-C03-008-D0006,PN-C03-008,DS02,pampa_norte,CAMPAIGN_03,132.207535821,133.207535821,1.000000000,2.726536709
PN-C03-008-D0007,PN-C03-008,DS02,pampa_norte,CAMPAIGN_03,157.207535821,158.207535821,1.000000000,2.680170836
PN-C03-008-D0008,PN-C03-008,DS02,pampa_norte,CAMPAIGN_03,182.207535821,183.207535821,1.000000000,2.638677530
PN-C03-008-D0009,PN-C03-008,DS02,pampa_norte,CAMPAIGN_03,207.207535821,208.207535821,1.000000000,2.629053924
PN-C03-008-D0010,PN-C03-008,DS02,pampa_norte,CAMPAIGN_03,232.207535821,233.207535821,1.000000000,2.625223140
PN-C03-008-D0011,PN-C03-008,DS02,pampa_norte,CAMPAIGN_03,257.207535821,258.207535821,1.000000000,2.677011763
PN-C03-008-D0012,PN-C03-008,DS02,pampa_norte,CAMPAIGN_03,282.207535821,283.207535821,1.000000000,2.643662906
PN-C03-008-D0013,PN-C03-008,DS02,pampa_norte,CAMPAIGN_03,307.207535821,308.207535821,1.000000000,2.636902776
PN-C03-008-D0014,PN-C03-008,DS02,pampa_norte,CAMPAIGN_03,332.207535821,333.207535821,1.000000000,2.660633174
PN-C03-008-D0015,PN-C03-008,DS02,pampa_norte,CAMPAIGN_03,357.207535821,358.207535821,1.000000000,2.639566697
PN-C03-008-D0016,PN-C03-008,DS02,pampa_norte,CAMPAIGN_03,382.207535821,383.207535821,1.000000000,2.634384941
PN-C03-008-D0017,PN-C03-008,DS02,pampa_norte,CAMPAIGN_03,407.207535821,408.207535821,1.000000000,2.629136509
PN-C03-008-D0018,PN-C03-008,DS02,pampa_norte,CAMPAIGN_03,432.207535821,433.207535821,1.000000000,2.656804705
