hole_id,dataset_id,project_id,campaign_id,depth_m,azimuth_deg,dip_deg
PN-C01-001,DS02,pampa_norte,CAMPAIGN_01,0.000000000,39.999999997,-84.000000000
PN-C01-001,DS02,pampa_norte,CAMPAIGN_01,60.000000000,39.999999997,-84.000000000
PN-C01-001,DS02,pampa_norte,CAMPAIGN_01,120.000000000,39.999999997,-84.000000000
PN-C01-001,DS02,pampa_norte,CAMPAIGN_01,180.000000000,39.999999997,-84.000000000
PN-C01-001,DS02,pampa_norte,CAMPAIGN_01,238.000546140,39.999999997,-84.000000000
PN-C01-002,DS02,pampa_norte,CAMPAIGN_01,0.000000000,13.434948823,-84.000000000
PN-C01-002,DS02,pampa_norte,CAMPAIGN_01,60.000000000,13.434948823,-84.000000000
PN-C01-002,DS02,pampa_norte,CAMPAIGN_01,120.000000000,13.434948823,-84.000000000
PN-C01-002,DS02,pampa_norte,CAMPAIGN_01,180.000000000,13.434948823,-84.000000000
PN-C01-002,DS02,pampa_norte,CAMPAIGN_01,240.000000000,13.434948823,-84.000000000
PN-C01-002,DS02,pampa_norte,CAMPAIGN_01,300.000000000,13.434948823,-84.000000000
PN-C01-002,DS02,pampa_norte,CAMPAIGN_01,309.357679495,13.434948823,-84.000000000
PN-C01-003,DS02,pampa_norte,CAMPAIGN_01,0.000000000,336.565051178,-84.000000000
PN-C01-003,DS02,pampa_norte,CAMPAIGN_01,60.000000000,336.565051178,-84.000000000
PN-C01-003,DS02,pampa_norte,CAMPAIGN_01,120.000000000,336.565051178,-84.000000000
PN-C01-003,DS02,pampa_norte,CAMPAIGN_01,180.000000000,336.565051178,-84.000000000
PN-C01-003,DS02,pampa_norte,CAMPAIGN_01,240.000000000,336.565051178,-84.000000000
PN-C01-003,DS02,pampa_norte,CAMPAIGN_01,300.000000000,336.565051178,-84.000000000
PN-C01-003,DS02,pampa_norte,CAMPAIGN_01,360.000000000,336.565051178,-84.000000000
PN-C01-003,DS02,pampa_norte,CAMPAIGN_01,396.875606288,336.565051178,-84.000000000
PN-C01-004,DS02,pampa_norte,CAMPAIGN_01,0.000000000,309.999999997,-84.000000000
PN-C01-004,DS02,pampa_norte,CAMPAIGN_01,60.000000000,309.999999997,-84.000000000
PN-C01-004,DS02,pampa_norte,CAMPAIGN_01,120.000000000,309.999999997,-84.000000000
PN-C01-004,DS02,pampa_norte,CAMPAIGN_01,180.000000000,309.999999997,-84.000000000
PN-C01-004,DS02,pampa_norte,CAMPAIGN_01,240.000000000,309.999999997,-84.000000000
PN-C01-004,DS02,pampa_norte,CAMPAIGN_01,300.000000000,309.999999997,-84.000000000
PN-C01-004,DS02,pampa_norte,CAMPAIGN_01,360.000000000,309.999999997,-84.000000000
PN-C01-004,DS02,pampa_norte,CAMPAIGN_01,420.000000000,309.999999997,-84.000000000
PN-C01-004,DS02,pampa_norte,CAMPAIGN_01,428.948750051,309.999999997,-84.000000000
PN-C01-005,DS02,pampa_norte,CAMPAIGN_01,0.000000000,66.565051182,-84.000000000
PN-C01-005,DS02,pampa_norte,CAMPAIGN_01,60.000000000,66.565051182,-84.000000000
PN-C01-005,DS02,pampa_norte,CAMPAIGN_01,120.000000000,66.565051182,-84.000000000
PN-C01-005,DS02,pampa_norte,CAMPAIGN_01,180.000000000,66.565051182,-84.000000000
PN-C01-005,DS02,pampa_norte,CAMPAIGN_01,220.000000000,66.565051182,-84.000000000
PN-C01-006,DS02,pampa_norte,CAMPAIGN_01,0.000000000,39.999999994,-84.000000000
PN-C01-006,DS02,pampa_norte,CAMPAIGN_01,60.000000000,39.999999994,-84.000000000
PN-C01-006,DS02,pampa_norte,CAMPAIGN_01,120.000000000,39.999999994,-84.000000000
PN-C01-006,DS02,pampa_norte,CAMPAIGN_01,180.000000000,39.999999994,-84.000000000
PN-C01-006,DS02,pampa_norte,CAMPAIGN_01,240.000000000,39.999999994,-84.000000000
PN-C01-006,DS02,pampa_norte,CAMPAIGN_01,241.328201212,39.999999994,-84.000000000
PN-C01-007,DS02,pampa_norte,CAMPAIGN_01,0.000000000,309.999999997,-84.000000000
PN-C01-007,DS02,pampa_norte,CAMPAIGN_01,60.000000000,309.999999997,-84.000000000
PN-C01-007,DS02,pampa_norte,CAMPAIGN_01,120.000000000,309.999999997,-84.000000000
PN-C01-007,DS02,pampa_norte,CAMPAIGN_01,180.000000000,309.999999997,-84.000000000
PN-C01-007,DS02,pampa_norte,CAMPAIGN_01,240.000000000,309.999999997,-84.000000000
PN-C01-007,DS02,pampa_norte,CAMPAIGN_01,300.000000000,309.999999997,-84.000000000
PN-C01-007,DS02,pampa_norte,CAMPAIGN_01,340.780390749,309.999999997,-84.000000000
PN-C01-008,DS02,pampa_norte,CAMPAIGN_01,0.000000000,283.434948823,-84.000000000
PN-C01-008,DS02,pampa_norte,CAMPAIGN_01,60.000000000,283.434948823,-84.000000000
PN-C01-008,DS02,pampa_norte,CAMPAIGN_01,120.000000000,283.434948823,-84.000000000
PN-C01-008,DS02,pampa_norte,CAMPAIGN_01,180.000000000,283.434948823,-84.000000000
PN-C01-008,DS02,pampa_norte,CAMPAIGN_01,240.000000000,283.434948823,-84.000000000
PN-C01-008,DS02,pampa_norte,CAMPAIGN_01,300.000000000,283.434948823,-84.000000000
PN-C01-008,DS02,pampa_norte,CAMPAIGN_01,360.000000000,283.434948823,-84.000000000
PN-C01-008,DS02,pampa_norte,CAMPAIGN_01,420.000000000,283.434948823,-84.000000000
PN-C01-008,DS02,pampa_norte,CAMPAIGN_01,452.568832428,283.434948823,-84.000000000
PN-C01-009,DS02,pampa_norte,CAMPAIGN_01,0.000000000,103.434948823,-84.000000000
PN-C01-009,DS02,pampa_norte,CAMPAIGN_01,60.000000000,103.434948823,-84.000000000
PN-C01-009,DS02,pampa_norte,CAMPAIGN_01,120.000000000,103.434948823,-84.000000000
PN-C01-009,DS02,pampa_norte,CAMPAIGN_01,180.000000000,103.434948823,-84.000000000
PN-C01-009,DS02,pampa_norte,CAMPAIGN_01,220.000000000,103.434948823,-84.000000000
PN-C01-010,DS02,pampa_norte,CAMPAIGN_01,0.000000000,129.999999997,-84.000000000
PN-C01-010,DS02,pampa_norte,CAMPAIGN_01,60.000000000,129.999999997,-84.000000000
PN-C01-010,DS02,pampa_norte,CAMPAIGN_01,120.000000000,129.999999997,-84.000000000
PN-C01-010,DS02,pampa_norte,CAMPAIGN_01,180.000000000,129.999999997,-84.000000000
PN-C01-010,DS02,pampa_norte,CAMPAIGN_01,220.000000000,129.999999997,-84.000000000
PN-C01-011,DS02,pampa_norte,CAMPAIGN_01,0.000000000,219.999999994,-84.000000000
PN-C01-011,DS02,pampa_norte,CAMPAIGN_01,60.000000000,219.999999994,-84.000000000
PN-C01-011,DS02,pampa_norte,CAMPAIGN_01,120.000000000,219.999999994,-84.000000000
PN-C01-011,DS02,pampa_norte,CAMPAIGN_01,180.000000000,219.999999994,-84.000000000
PN-C01-011,DS02,pampa_norte,CAMPAIGN_01,240.000000000,219.999999994,-84.000000000
PN-C01-011,DS02,pampa_norte,CAMPAIGN_01,241.328201212,219.999999994,-84.000000000
PN-C01-012,DS02,pampa_norte,CAMPAIGN_01,0.000000000,246.565051182,-84.000000000
PN-C01-012,DS02,pampa_norte,CAMPAIGN_01,60.000000000,246.565051182,-84.000000000
PN-C01-012,DS02,pampa_norte,CAMPAIGN_01,120.000000000,246.565051182,-84.000000000
PN-C01-012,DS02,pampa_norte,CAMPAIGN_01,180.000000000,246.565051182,-84.000000000
PN-C01-012,DS02,pampa_norte,CAMPAIGN_01,240.000000000,246.565051182,-84.000000000
PN-C01-012,DS02,pampa_norte,CAMPAIGN_01,300.000000000,246.565051182,-84.000000000
PN-C01-012,DS02,pampa_norte,CAMPAIGN_01,360.000000000,246.565051182,-84.000000000
PN-C01-012,DS02,pampa_norte,CAMPAIGN_01,367.039949427,246.565051182,-84.000000000
PN-C01-013,DS02,pampa_norte,CAMPAIGN_01,0.000000000,129.999999997,-79.823980860
PN-C01-013,DS02,pampa_norte,CAMPAIGN_01,60.000000000,129.999999997,-79.823980860
PN-C01-013,DS02,pampa_norte,CAMPAIGN_01,120.000000000,129.999999997,-79.823980860
PN-C01-013,DS02,pampa_norte,CAMPAIGN_01,180.000000000,129.999999997,-79.823980860
PN-C01-013,DS02,pampa_norte,CAMPAIGN_01,220.000000000,129.999999997,-79.823980860
PN-C01-014,DS02,pampa_norte,CAMPAIGN_01,0.000000000,156.565051178,-84.000000000
PN-C01-014,DS02,pampa_norte,CAMPAIGN_01,60.000000000,156.565051178,-84.000000000
PN-C01-014,DS02,pampa_norte,CAMPAIGN_01,120.000000000,156.565051178,-84.000000000
PN-C01-014,DS02,pampa_norte,CAMPAIGN_01,180.000000000,156.565051178,-84.000000000
PN-C01-014,DS02,pampa_norte,CAMPAIGN_01,220.000000000,156.565051178,-84.000000000
PN-C01-015,DS02,pampa_norte,CAMPAIGN_01,0.000000000,193.434948823,-84.000000000
PN-C01-015,DS02,pampa_norte,CAMPAIGN_01,60.000000000,193.434948823,-84.000000000
PN-C01-015,DS02,pampa_norte,CAMPAIGN_01,120.000000000,193.434948823,-84.000000000
PN-C01-015,DS02,pampa_norte,CAMPAIGN_01,180.000000000,193.434948823,-84.000000000
PN-C01-015,DS02,pampa_norte,CAMPAIGN_01,220.000000000,193.434948823,-84.000000000
PN-C01-016,DS02,pampa_norte,CAMPAIGN_01,0.000000000,219.999999997,-84.000000000
PN-C01-016,DS02,pampa_norte,CAMPAIGN_01,60.000000000,219.999999997,-84.000000000
PN-C01-016,DS02,pampa_norte,CAMPAIGN_01,120.000000000,219.999999997,-84.000000000
PN-C01-016,DS02,pampa_norte,CAMPAIGN_01,180.000000000,219.999999997,-84.000000000
PN-C01-016,DS02,pampa_norte,CAMPAIGN_01,240.000000000,219.999999997,-84.000000000
PN-C01-016,DS02,pampa_norte,CAMPAIGN_01,300.000000000,219.999999997,-84.000000000
PN-C01-016,DS02,pampa_norte,CAMPAIGN_01,303.638991235,219.999999997,-84.000000000
PN-C02-001,DS02,pampa_norte,CAMPAIGN_02,0.000000000,48.130102354,-59.268000413
PN-C02-001,DS02,pampa_norte,CAMPAIGN_02,50.000000000,48.130102354,-59.268000413
PN-C02-001,DS02,pampa_norte,CAMPAIGN_02,100.000000000,48.130102354,-59.268000413
PN-C02-001,DS02,pampa_norte,CAMPAIGN_02,150.000000000,48.130102354,-59.268000413
PN-C02-001,DS02,pampa_norte,CAMPAIGN_02,200.000000000,48.130102354,-59.268000413
PN-C02-001,DS02,pampa_norte,CAMPAIGN_02,245.793736795,48.130102354,-59.268000413
PN-C02-002,DS02,pampa_norte,CAMPAIGN_02,0.000000000,28.690067526,-71.155114854
PN-C02-002,DS02,pampa_norte,CAMPAIGN_02,50.000000000,28.690067526,-71.155114854
PN-C02-002,DS02,pampa_norte,CAMPAIGN_02,100.000000000,28.690067526,-71.155114854
PN-C02-002,DS02,pampa_norte,CAMPAIGN_02,150.000000000,28.690067526,-71.155114854
PN-C02-002,DS02,pampa_norte,CAMPAIGN_02,200.000000000,28.690067526,-71.155114854
PN-C02-002,DS02,pampa_norte,CAMPAIGN_02,250.000000000,28.690067526,-71.155114854
PN-C02-002,DS02,pampa_norte,CAMPAIGN_02,272.667751401,28.690067526,-71.155114854
PN-C02-003,DS02,pampa_norte,CAMPAIGN_02,0.000000000,355.000000000,-76.623247170
PN-C02-003,DS02,pampa_norte,CAMPAIGN_02,50.000000000,355.000000000,-76.623247170
PN-C02-003,DS02,pampa_norte,CAMPAIGN_02,100.000000000,355.000000000,-76.623247170
PN-C02-003,DS02,pampa_norte,CAMPAIGN_02,150.000000000,355.000000000,-76.623247170
PN-C02-003,DS02,pampa_norte,CAMPAIGN_02,200.000000000,355.000000000,-76.623247170
PN-C02-003,DS02,pampa_norte,CAMPAIGN_02,250.000000000,355.000000000,-76.623247170
PN-C02-003,DS02,pampa_norte,CAMPAIGN_02,300.000000000,355.000000000,-76.623247170
PN-C02-003,DS02,pampa_norte,CAMPAIGN_02,307.860139207,355.000000000,-76.623247170
PN-C02-004,DS02,pampa_norte,CAMPAIGN_02,0.000000000,321.309932474,-77.901479234
PN-C02-004,DS02,pampa_norte,CAMPAIGN_02,50.000000000,321.309932474,-77.901479234
PN-C02-004,DS02,pampa_norte,CAMPAIGN_02,100.000000000,321.309932474,-77.901479234
PN-C02-004,DS02,pampa_norte,CAMPAIGN_02,150.000000000,321.309932474,-77.901479234
PN-C02-004,DS02,pampa_norte,CAMPAIGN_02,200.000000000,321.309932474,-77.901479234
PN-C02-004,DS02,pampa_norte,CAMPAIGN_02,250.000000000,321.309932474,-77.901479234
PN-C02-004,DS02,pampa_norte,CAMPAIGN_02,300.000000000,321.309932474,-77.901479234
PN-C02-004,DS02,pampa_norte,CAMPAIGN_02,350.000000000,321.309932474,-77.901479234
PN-C02-004,DS02,pampa_norte,CAMPAIGN_02,390.450816067,321.309932474,-77.901479234
PN-C02-005,DS02,pampa_norte,CAMPAIGN_02,0.000000000,301.869897646,-76.032559597
PN-C02-005,DS02,pampa_norte,CAMPAIGN_02,50.000000000,301.869897646,-76.032559597
PN-C02-005,DS02,pampa_norte,CAMPAIGN_02,100.000000000,301.869897646,-76.032559597
PN-C02-005,DS02,pampa_norte,CAMPAIGN_02,150.000000000,301.869897646,-76.032559597
PN-C02-005,DS02,pampa_norte,CAMPAIGN_02,200.000000000,301.869897646,-76.032559597
PN-C02-005,DS02,pampa_norte,CAMPAIGN_02,250.000000000,301.869897646,-76.032559597
PN-C02-005,DS02,pampa_norte,CAMPAIGN_02,300.000000000,301.869897646,-76.032559597
PN-C02-005,DS02,pampa_norte,CAMPAIGN_02,350.000000000,301.869897646,-76.032559597
PN-C02-005,DS02,pampa_norte,CAMPAIGN_02,400.000000000,301.869897646,-76.032559597
PN-C02-005,DS02,pampa_norte,CAMPAIGN_02,450.000000000,301.869897646,-76.032559597
PN-C02-005,DS02,pampa_norte,CAMPAIGN_02,458.943374745,301.869897646,-76.032559597
PN-C02-006,DS02,pampa_norte,CAMPAIGN_02,0.000000000,291.565051177,-70.626300249
PN-C02-006,DS02,pampa_norte,CAMPAIGN_02,50.000000000,291.565051177,-70.626300249
PN-C02-006,DS02,pampa_norte,CAMPAIGN_02,100.000000000,291.565051177,-70.626300249
PN-C02-006,DS02,pampa_norte,CAMPAIGN_02,150.000000000,291.565051177,-70.626300249
PN-C02-006,DS02,pampa_norte,CAMPAIGN_02,200.000000000,291.565051177,-70.626300249
PN-C02-006,DS02,pampa_norte,CAMPAIGN_02,250.000000000,291.565051177,-70.626300249
PN-C02-006,DS02,pampa_norte,CAMPAIGN_02,300.000000000,291.565051177,-70.626300249
PN-C02-006,DS02,pampa_norte,CAMPAIGN_02,350.000000000,291.565051177,-70.626300249
PN-C02-006,DS02,pampa_norte,CAMPAIGN_02,400.000000000,291.565051177,-70.626300249
PN-C02-006,DS02,pampa_norte,CAMPAIGN_02,449.328860217,291.565051177,-70.626300249
PN-C02-007,DS02,pampa_norte,CAMPAIGN_02,0.000000000,70.963756532,-58.654608656
PN-C02-007,DS02,pampa_norte,CAMPAIGN_02,50.000000000,70.963756532,-58.654608656
PN-C02-007,DS02,pampa_norte,CAMPAIGN_02,100.000000000,70.963756532,-58.654608656
PN-C02-007,DS02,pampa_norte,CAMPAIGN_02,150.000000000,70.963756532,-58.654608656
PN-C02-007,DS02,pampa_norte,CAMPAIGN_02,200.000000000,70.963756532,-58.654608656
PN-C02-007,DS02,pampa_norte,CAMPAIGN_02,220.000000000,70.963756532,-58.654608656
PN-C02-008,DS02,pampa_norte,CAMPAIGN_02,0.000000000,58.434948823,-75.282550015
PN-C02-008,DS02,pampa_norte,CAMPAIGN_02,50.000000000,58.434948823,-75.282550015
PN-C02-008,DS02,pampa_norte,CAMPAIGN_02,100.000000000,58.434948823,-75.282550015
PN-C02-008,DS02,pampa_norte,CAMPAIGN_02,150.000000000,58.434948823,-75.282550015
PN-C02-008,DS02,pampa_norte,CAMPAIGN_02,200.000000000,58.434948823,-75.282550015
PN-C02-008,DS02,pampa_norte,CAMPAIGN_02,226.631145192,58.434948823,-75.282550015
PN-C02-009,DS02,pampa_norte,CAMPAIGN_02,0.000000000,355.000000000,-84.841448220
PN-C02-009,DS02,pampa_norte,CAMPAIGN_02,50.000000000,355.000000000,-84.841448220
PN-C02-009,DS02,pampa_norte,CAMPAIGN_02,100.000000000,355.000000000,-84.841448220
PN-C02-009,DS02,pampa_norte,CAMPAIGN_02,150.000000000,355.000000000,-84.841448220
PN-C02-009,DS02,pampa_norte,CAMPAIGN_02,200.000000000,355.000000000,-84.841448220
PN-C02-009,DS02,pampa_norte,CAMPAIGN_02,250.000000000,355.000000000,-84.841448220
PN-C02-009,DS02,pampa_norte,CAMPAIGN_02,271.878422163,355.000000000,-84.841448220
PN-C02-010,DS02,pampa_norte,CAMPAIGN_02,0.000000000,291.565051178,-81.085981757
PN-C02-010,DS02,pampa_norte,CAMPAIGN_02,50.000000000,291.565051178,-81.085981757
PN-C02-010,DS02,pampa_norte,CAMPAIGN_02,100.000000000,291.565051178,-81.085981757
PN-C02-010,DS02,pampa_norte,CAMPAIGN_02,150.000000000,291.565051178,-81.085981757
PN-C02-010,DS02,pampa_norte,CAMPAIGN_02,200.000000000,291.565051178,-81.085981757
PN-C02-010,DS02,pampa_norte,CAMPAIGN_02,250.000000000,291.565051178,-81.085981757
PN-C02-010,DS02,pampa_norte,CAMPAIGN_02,300.000000000,291.565051178,-81.085981757
PN-C02-010,DS02,pampa_norte,CAMPAIGN_02,336.398738448,291.565051178,-81.085981757
PN-C02-011,DS02,pampa_norte,CAMPAIGN_02,0.000000000,279.036243468,-75.980411040
PN-C02-011,DS02,pampa_norte,CAMPAIGN_02,50.000000000,279.036243468,-75.980411040
PN-C02-011,DS02,pampa_norte,CAMPAIGN_02,100.000000000,279.036243468,-75.980411040
PN-C02-011,DS02,pampa_norte,CAMPAIGN_02,150.000000000,279.036243468,-75.980411040
PN-C02-011,DS02,pampa_norte,CAMPAIGN_02,200.000000000,279.036243468,-75.980411040
PN-C02-011,DS02,pampa_norte,CAMPAIGN_02,250.000000000,279.036243468,-75.980411040
PN-C02-011,DS02,pampa_norte,CAMPAIGN_02,300.000000000,279.036243468,-75.980411040
PN-C02-011,DS02,pampa_norte,CAMPAIGN_02,350.000000000,279.036243468,-75.980411040
PN-C02-011,DS02,pampa_norte,CAMPAIGN_02,386.885899068,279.036243468,-75.980411040
PN-C02-012,DS02,pampa_norte,CAMPAIGN_02,0.000000000,274.462322208,-70.872217473
PN-C02-012,DS02,pampa_norte,CAMPAIGN_02,50.000000000,274.462322208,-70.872217473
PN-C02-012,DS02,pampa_norte,CAMPAIGN_02,100.000000000,274.462322208,-70.872217473
PN-C02-012,DS02,pampa_norte,CAMPAIGN_02,150.000000000,274.462322208,-70.872217473
PN-C02-012,DS02,pampa_norte,CAMPAIGN_02,200.000000000,274.462322208,-70.872217473
PN-C02-012,DS02,pampa_norte,CAMPAIGN_02,250.000000000,274.462322208,-70.872217473
PN-C02-012,DS02,pampa_norte,CAMPAIGN_02,300.000000000,274.462322208,-70.872217473
PN-C02-012,DS02,pampa_norte,CAMPAIGN_02,350.000000000,274.462322208,-70.872217473
PN-C02-012,DS02,pampa_norte,CAMPAIGN_02,400.000000000,274.462322208,-70.872217473
PN-C02-012,DS02,pampa_norte,CAMPAIGN_02,416.985151629,274.462322208,-70.872217473
PN-C02-013,DS02,pampa_norte,CAMPAIGN_02,0.000000000,99.036243468,-56.614279719
PN-C02-013,DS02,pampa_norte,CAMPAIGN_02,50.000000000,99.036243468,-56.614279719
PN-C02-013,DS02,pampa_norte,CAMPAIGN_02,100.000000000,99.036243468,-56.614279719
PN-C02-013,DS02,pampa_norte,CAMPAIGN_02,150.000000000,99.036243468,-56.614279719
PN-C02-013,DS02,pampa_norte,CAMPAIGN_02,200.000000000,99.036243468,-56.614279719
PN-C02-013,DS02,pampa_norte,CAMPAIGN_02,220.000000000,99.036243468,-56.614279719
PN-C02-014,DS02,pampa_norte,CAMPAIGN_02,0.000000000,111.565051178,-73.584126936
PN-C02-014,DS02,pampa_norte,CAMPAIGN_02,50.000000000,111.565051178,-73.584126936
PN-C02-014,DS02,pampa_norte,CAMPAIGN_02,100.000000000,111.565051178,-73.584126936
PN-C02-014,DS02,pampa_norte,CAMPAIGN_02,150.000000000,111.565051178,-73.584126936
PN-C02-014,DS02,pampa_norte,CAMPAIGN_02,200.000000000,111.565051178,-73.584126936
PN-C02-014,DS02,pampa_norte,CAMPAIGN_02,220.000000000,111.565051178,-73.584126936
PN-C02-015,DS02,pampa_norte,CAMPAIGN_02,0.000000000,175.000000000,-83.748145803
PN-C02-015,DS02,pampa_norte,CAMPAIGN_02,50.000000000,175.000000000,-83.748145803
PN-C02-015,DS02,pampa_norte,CAMPAIGN_02,100.000000000,175.000000000,-83.748145803
PN-C02-015,DS02,pampa_norte,CAMPAIGN_02,150.000000000,175.000000000,-83.748145803
PN-C02-015,DS02,pampa_norte,CAMPAIGN_02,200.000000000,175.000000000,-83.748145803
PN-C02-015,DS02,pampa_norte,CAMPAIGN_02,234.064932357,175.000000000,-83.748145803
PN-C02-016,DS02,pampa_norte,CAMPAIGN_02,0.000000000,238.434948823,-77.935042499
PN-C02-016,DS02,pampa_norte,CAMPAIGN_02,50.000000000,238.434948823,-77.935042499
PN-C02-016,DS02,pampa_norte,CAMPAIGN_02,100.000000000,238.434948823,-77.935042499
PN-C02-016,DS02,pampa_norte,CAMPAIGN_02,150.000000000,238.434948823,-77.935042499
PN-C02-016,DS02,pampa_norte,CAMPAIGN_02,200.000000000,238.434948823,-77.935042499
PN-C02-016,DS02,pampa_norte,CAMPAIGN_02,250.000000000,238.434948823,-77.935042499
PN-C02-016,DS02,pampa_norte,CAMPAIGN_02,263.607885757,238.434948823,-77.935042499
PN-C02-017,DS02,pampa_norte,CAMPAIGN_02,0.000000000,250.963756532,-72.691395130
PN-C02-017,DS02,pampa_norte,CAMPAIGN_02,50.000000000,250.963756532,-72.691395130
PN-C02-017,DS02,pampa_norte,CAMPAIGN_02,100.000000000,250.963756532,-72.691395130
PN-C02-017,DS02,pampa_norte,CAMPAIGN_02,150.000000000,250.963756532,-72.691395130
PN-C02-017,DS02,pampa_norte,CAMPAIGN_02,200.000000000,250.963756532,-72.691395130
PN-C02-017,DS02,pampa_norte,CAMPAIGN_02,250.000000000,250.963756532,-72.691395130
PN-C02-017,DS02,pampa_norte,CAMPAIGN_02,300.000000000,250.963756532,-72.691395130
PN-C02-017,DS02,pampa_norte,CAMPAIGN_02,325.237395636,250.963756532,-72.691395130
PN-C02-018,DS02,pampa_norte,CAMPAIGN_02,0.000000000,255.537677792,-71.178607971
PN-C02-018,DS02,pampa_norte,CAMPAIGN_02,50.000000000,255.537677792,-71.178607971
PN-C02-018,DS02,pampa_norte,CAMPAIGN_02,100.000000000,255.537677792,-71.178607971
PN-C02-018,DS02,pampa_norte,CAMPAIGN_02,150.000000000,255.537677792,-71.178607971
PN-C02-018,DS02,pampa_norte,CAMPAIGN_02,200.000000000,255.537677792,-71.178607971
PN-C02-018,DS02,pampa_norte,CAMPAIGN_02,250.000000000,255.537677792,-71.178607971
PN-C02-018,DS02,pampa_norte,CAMPAIGN_02,300.000000000,255.537677792,-71.178607971
PN-C02-018,DS02,pampa_norte,CAMPAIGN_02,350.000000000,255.537677792,-71.178607971
PN-C02-018,DS02,pampa_norte,CAMPAIGN_02,400.000000000,255.537677792,-71.178607971
PN-C02-018,DS02,pampa_norte,CAMPAIGN_02,422.659149213,255.537677792,-71.178607971
PN-C02-019,DS02,pampa_norte,CAMPAIGN_02,0.000000000,121.869897646,-48.000000000
PN-C02-019,DS02,pampa_norte,CAMPAIGN_02,50.000000000,121.869897646,-48.000000000
PN-C02-019,DS02,pampa_norte,CAMPAIGN_02,100.000000000,121.869897646,-48.000000000
PN-C02-019,DS02,pampa_norte,CAMPAIGN_02,150.000000000,121.869897646,-48.000000000
PN-C02-019,DS02,pampa_norte,CAMPAIGN_02,200.000000000,121.869897646,-48.000000000
PN-C02-019,DS02,pampa_norte,CAMPAIGN_02,220.000000000,121.869897646,-48.000000000
PN-C02-020,DS02,pampa_norte,CAMPAIGN_02,0.000000000,141.309932474,-60.446675977
PN-C02-020,DS02,pampa_norte,CAMPAIGN_02,50.000000000,141.309932474,-60.446675977
PN-C02-020,DS02,pampa_norte,CAMPAIGN_02,100.000000000,141.309932474,-60.446675977
PN-C02-020,DS02,pampa_norte,CAMPAIGN_02,150.000000000,141.309932474,-60.446675977
PN-C02-020,DS02,pampa_norte,CAMPAIGN_02,200.000000000,141.309932474,-60.446675977
PN-C02-020,DS02,pampa_norte,CAMPAIGN_02,220.000000000,141.309932474,-60.446675977
PN-C02-021,DS02,pampa_norte,CAMPAIGN_02,0.000000000,175.000000000,-65.438118172
PN-C02-021,DS02,pampa_norte,CAMPAIGN_02,50.000000000,175.000000000,-65.438118172
PN-C02-021,DS02,pampa_norte,CAMPAIGN_02,100.000000000,175.000000000,-65.438118172
PN-C02-021,DS02,pampa_norte,CAMPAIGN_02,150.000000000,175.000000000,-65.438118172
PN-C02-021,DS02,pampa_norte,CAMPAIGN_02,200.000000000,175.000000000,-65.438118172
PN-C02-021,DS02,pampa_norte,CAMPAIGN_02,220.000000000,175.000000000,-65.438118172
PN-C02-022,DS02,pampa_norte,CAMPAIGN_02,0.000000000,208.690067526,-67.290617360
PN-C02-022,DS02,pampa_norte,CAMPAIGN_02,50.000000000,208.690067526,-67.290617360
PN-C02-022,DS02,pampa_norte,CAMPAIGN_02,100.000000000,208.690067526,-67.290617360
PN-C02-022,DS02,pampa_norte,CAMPAIGN_02,150.000000000,208.690067526,-67.290617360
PN-C02-022,DS02,pampa_norte,CAMPAIGN_02,200.000000000,208.690067526,-67.290617360
PN-C02-022,DS02,pampa_norte,CAMPAIGN_02,237.118779921,208.690067526,-67.290617360
PN-C02-023,DS02,pampa_norte,CAMPAIGN_02,0.000000000,228.130102354,-67.722860317
PN-C02-023,DS02,pampa_norte,CAMPAIGN_02,50.000000000,228.130102354,-67.722860317
PN-C02-023,DS02,pampa_norte,CAMPAIGN_02,100.000000000,228.130102354,-67.722860317
PN-C02-023,DS02,pampa_norte,CAMPAIGN_02,150.000000000,228.130102354,-67.722860317
PN-C02-023,DS02,pampa_norte,CAMPAIGN_02,200.000000000,228.130102354,-67.722860317
PN-C02-023,DS02,pampa_norte,CAMPAIGN_02,250.000000000,228.130102354,-67.722860317
PN-C02-023,DS02,pampa_norte,CAMPAIGN_02,300.000000000,228.130102354,-67.722860317
PN-C02-023,DS02,pampa_norte,CAMPAIGN_02,312.196909002,228.130102354,-67.722860317
PN-C02-024,DS02,pampa_norte,CAMPAIGN_02,0.000000000,238.434948823,-66.988694014
PN-C02-024,DS02,pampa_norte,CAMPAIGN_02,50.000000000,238.434948823,-66.988694014
PN-C02-024,DS02,pampa_norte,CAMPAIGN_02,100.000000000,238.434948823,-66.988694014
PN-C02-024,DS02,pampa_norte,CAMPAIGN_02,150.000000000,238.434948823,-66.988694014
PN-C02-024,DS02,pampa_norte,CAMPAIGN_02,200.000000000,238.434948823,-66.988694014
PN-C02-024,DS02,pampa_norte,CAMPAIGN_02,250.000000000,238.434948823,-66.988694014
PN-C02-024,DS02,pampa_norte,CAMPAIGN_02,300.000000000,238.434948823,-66.988694014
PN-C02-024,DS02,pampa_norte,CAMPAIGN_02,350.000000000,238.434948823,-66.988694014
PN-C02-024,DS02,pampa_norte,CAMPAIGN_02,389.627031185,238.434948823,-66.988694014
PN-C02-025,DS02,pampa_norte,CAMPAIGN_02,0.000000000,136.340191746,-48.000000000
PN-C02-025,DS02,pampa_norte,CAMPAIGN_02,50.000000000,136.340191746,-48.000000000
PN-C02-025,DS02,pampa_norte,CAMPAIGN_02,100.000000000,136.340191746,-48.000000000
PN-C02-025,DS02,pampa_norte,CAMPAIGN_02,150.000000000,136.340191746,-48.000000000
PN-C02-025,DS02,pampa_norte,CAMPAIGN_02,200.000000000,136.340191746,-48.000000000
PN-C02-025,DS02,pampa_norte,CAMPAIGN_02,220.000000000,136.340191746,-48.000000000
PN-C02-026,DS02,pampa_norte,CAMPAIGN_02,0.000000000,153.198590513,-48.000000000
PN-C02-026,DS02,pampa_norte,CAMPAIGN_02,50.000000000,153.198590513,-48.000000000
PN-C02-026,DS02,pampa_norte,CAMPAIGN_02,100.000000000,153.198590513,-48.000000000
PN-C02-026,DS02,pampa_norte,CAMPAIGN_02,150.000000000,153.198590513,-48.000000000
PN-C02-026,DS02,pampa_norte,CAMPAIGN_02,200.000000000,153.198590513,-48.000000000
PN-C02-026,DS02,pampa_norte,CAMPAIGN_02,220.000000000,153.198590513,-48.000000000
PN-C02-027,DS02,pampa_norte,CAMPAIGN_02,0.000000000,175.000000000,-48.447386852
PN-C02-027,DS02,pampa_norte,CAMPAIGN_02,50.000000000,175.000000000,-48.447386852
PN-C02-027,DS02,pampa_norte,CAMPAIGN_02,100.000000000,175.000000000,-48.447386852
PN-C02-027,DS02,pampa_norte,CAMPAIGN_02,150.000000000,175.000000000,-48.447386852
PN-C02-027,DS02,pampa_norte,CAMPAIGN_02,200.000000000,175.000000000,-48.447386852
PN-C02-027,DS02,pampa_norte,CAMPAIGN_02,220.000000000,175.000000000,-48.447386852
PN-C02-028,DS02,pampa_norte,CAMPAIGN_02,0.000000000,196.801409486,-55.710402026
PN-C02-028,DS02,pampa_norte,CAMPAIGN_02,50.000000000,196.801409486,-55.710402026
PN-C02-028,DS02,pampa_norte,CAMPAIGN_02,100.000000000,196.801409486,-55.710402026
PN-C02-028,DS02,pampa_norte,CAMPAIGN_02,150.000000000,196.801409486,-55.710402026
PN-C02-028,DS02,pampa_norte,CAMPAIGN_02,200.000000000,196.801409486,-55.710402026
PN-C02-028,DS02,pampa_norte,CAMPAIGN_02,241.395413034,196.801409486,-55.710402026
PN-C02-029,DS02,pampa_norte,CAMPAIGN_02,0.000000000,213.659808254,-59.503334999
PN-C02-029,DS02,pampa_norte,CAMPAIGN_02,50.000000000,213.659808254,-59.503334999
PN-C02-029,DS02,pampa_norte,CAMPAIGN_02,100.000000000,213.659808254,-59.503334999
PN-C02-029,DS02,pampa_norte,CAMPAIGN_02,150.000000000,213.659808254,-59.503334999
PN-C02-029,DS02,pampa_norte,CAMPAIGN_02,200.000000000,213.659808254,-59.503334999
PN-C02-029,DS02,pampa_norte,CAMPAIGN_02,250.000000000,213.659808254,-59.503334999
PN-C02-029,DS02,pampa_norte,CAMPAIGN_02,300.000000000,213.659808254,-59.503334999
PN-C02-029,DS02,pampa_norte,CAMPAIGN_02,301.037090700,213.659808254,-59.503334999
PN-C02-030,DS02,pampa_norte,CAMPAIGN_02,0.000000000,225.194428908,-61.456988092
PN-C02-030,DS02,pampa_norte,CAMPAIGN_02,50.000000000,225.194428908,-61.456988092
PN-C02-030,DS02,pampa_norte,CAMPAIGN_02,100.000000000,225.194428908,-61.456988092
PN-C02-030,DS02,pampa_norte,CAMPAIGN_02,150.000000000,225.194428908,-61.456988092
PN-C02-030,DS02,pampa_norte,CAMPAIGN_02,200.000000000,225.194428908,-61.456988092
PN-C02-030,DS02,pampa_norte,CAMPAIGN_02,250.000000000,225.194428908,-61.456988092
PN-C02-030,DS02,pampa_norte,CAMPAIGN_02,300.000000000,225.194428908,-61.456988092
PN-C02-030,DS02,pampa_norte,CAMPAIGN_02,350.000000000,225.194428908,-61.456988092
PN-C02-030,DS02,pampa_norte,CAMPAIGN_02,373.740097885,225.194428908,-61.456988092
PN-C03-001,DS02,pampa_norte,CAMPAIGN_03,0.000000000,90.000000000,-52.000000000
PN-C03-001,DS02,pampa_norte,CAMPAIGN_03,50.000000000,90.000000000,-52.000000000
PN-C03-001,DS02,pampa_norte,CAMPAIGN_03,100.000000000,90.000000000,-52.000000000
PN-C03-001,DS02,pampa_norte,CAMPAIGN_03,150.000000000,90.000000000,-52.000000000
PN-C03-001,DS02,pampa_norte,CAMPAIGN_03,200.000000000,90.000000000,-52.000000000
PN-C03-001,DS02,pampa_norte,CAMPAIGN_03,250.000000000,90.000000000,-52.000000000
PN-C03-001,DS02,pampa_norte,CAMPAIGN_03,254.493372249,90.000000000,-52.000000000
PN-C03-002,DS02,pampa_norte,CAMPAIGN_03,0.000000000,270.000000000,-61.129795474
PN-C03-002,DS02,pampa_norte,CAMPAIGN_03,50.000000000,270.000000000,-61.129795474
PN-C03-002,DS02,pampa_norte,CAMPAIGN_03,100.000000000,270.000000000,-61.129795474
PN-C03-002,DS02,pampa_norte,CAMPAIGN_03,150.000000000,270.000000000,-61.129795474
PN-C03-002,DS02,pampa_norte,CAMPAIGN_03,200.000000000,270.000000000,-61.129795474
PN-C03-002,DS02,pampa_norte,CAMPAIGN_03,250.000000000,270.000000000,-61.129795474
PN-C03-002,DS02,pampa_norte,CAMPAIGN_03,300.000000000,270.000000000,-61.129795474
PN-C03-002,DS02,pampa_norte,CAMPAIGN_03,350.000000000,270.000000000,-61.129795474
PN-C03-002,DS02,pampa_norte,CAMPAIGN_03,388.009230643,270.000000000,-61.129795474
PN-C03-003,DS02,pampa_norte,CAMPAIGN_03,0.000000000,0.000000000,-59.455882787
PN-C03-003,DS02,pampa_norte,CAMPAIGN_03,50.000000000,0.000000000,-59.455882787
PN-C03-003,DS02,pampa_norte,CAMPAIGN_03,100.000000000,0.000000000,-59.455882787
PN-C03-003,DS02,pampa_norte,CAMPAIGN_03,150.000000000,0.000000000,-59.455882787
PN-C03-003,DS02,pampa_norte,CAMPAIGN_03,200.000000000,0.000000000,-59.455882787
PN-C03-003,DS02,pampa_norte,CAMPAIGN_03,250.000000000,0.000000000,-59.455882787
PN-C03-003,DS02,pampa_norte,CAMPAIGN_03,300.000000000,0.000000000,-59.455882787
PN-C03-003,DS02,pampa_norte,CAMPAIGN_03,330.990818355,0.000000000,-59.455882787
PN-C03-004,DS02,pampa_norte,CAMPAIGN_03,0.000000000,180.000000000,-52.000000000
PN-C03-004,DS02,pampa_norte,CAMPAIGN_03,50.000000000,180.000000000,-52.000000000
PN-C03-004,DS02,pampa_norte,CAMPAIGN_03,100.000000000,180.000000000,-52.000000000
PN-C03-004,DS02,pampa_norte,CAMPAIGN_03,150.000000000,180.000000000,-52.000000000
PN-C03-004,DS02,pampa_norte,CAMPAIGN_03,200.000000000,180.000000000,-52.000000000
PN-C03-004,DS02,pampa_norte,CAMPAIGN_03,235.629792124,180.000000000,-52.000000000
PN-C03-005,DS02,pampa_norte,CAMPAIGN_03,0.000000000,48.576334375,-52.000000000
PN-C03-005,DS02,pampa_norte,CAMPAIGN_03,50.000000000,48.576334375,-52.000000000
PN-C03-005,DS02,pampa_norte,CAMPAIGN_03,100.000000000,48.576334375,-52.000000000
PN-C03-005,DS02,pampa_norte,CAMPAIGN_03,150.000000000,48.576334375,-52.000000000
PN-C03-005,DS02,pampa_norte,CAMPAIGN_03,200.000000000,48.576334375,-52.000000000
PN-C03-005,DS02,pampa_norte,CAMPAIGN_03,250.000000000,48.576334375,-52.000000000
PN-C03-005,DS02,pampa_norte,CAMPAIGN_03,280.452324848,48.576334375,-52.000000000
PN-C03-006,DS02,pampa_norte,CAMPAIGN_03,0.000000000,228.576334375,-52.094979020
PN-C03-006,DS02,pampa_norte,CAMPAIGN_03,50.000000000,228.576334375,-52.094979020
PN-C03-006,DS02,pampa_norte,CAMPAIGN_03,100.000000000,228.576334375,-52.094979020
PN-C03-006,DS02,pampa_norte,CAMPAIGN_03,150.000000000,228.576334375,-52.094979020
PN-C03-006,DS02,pampa_norte,CAMPAIGN_03,200.000000000,228.576334375,-52.094979020
PN-C03-006,DS02,pampa_norte,CAMPAIGN_03,250.000000000,228.576334375,-52.094979020
PN-C03-006,DS02,pampa_norte,CAMPAIGN_03,300.000000000,228.576334375,-52.094979020
PN-C03-006,DS02,pampa_norte,CAMPAIGN_03,300.940949229,228.576334375,-52.094979020
PN-C03-007,DS02,pampa_norte,CAMPAIGN_03,0.000000000,131.423665625,-52.000000000
PN-C03-007,DS02,pampa_norte,CAMPAIGN_03,50.000000000,131.423665625,-52.000000000
PN-C03-007,DS02,pampa_norte,CAMPAIGN_03,100.000000000,131.423665625,-52.000000000
PN-C03-007,DS02,pampa_norte,CAMPAIGN_03,150.000000000,131.423665625,-52.000000000
PN-C03-007,DS02,pampa_norte,CAMPAIGN_03,200.000000000,131.423665625,-52.000000000
PN-C03-007,DS02,pampa_norte,CAMPAIGN_03,245.779851689,131.423665625,-52.000000000
PN-C03-008,DS02,pampa_norte,CAMPAIGN_03,0.000000000,311.423665625,-67.045652247
PN-C03-008,DS02,pampa_norte,CAMPAIGN_03,50.000000000,311.423665625,-67.045652247
PN-C03-008,DS02,pampa_norte,CAMPAIGN_03,100.000000000,311.423665625,-67.045652247
PN-C03-008,DS02,pampa_norte,CAMPAIGN_03,150.000000000,311.423665625,-67.045652247
PN-C03-008,DS02,pampa_norte,CAMPAIGN_03,200.000000000,311.423665625,-67.045652247
PN-C03-008,DS02,pampa_norte,CAMPAIGN_03,250.000000000,311.423665625,-67.045652247
PN-C03-008,DS02,pampa_norte,CAMPAIGN_03,300.000000000,311.423665625,-67.045652247
PN-C03-008,DS02,pampa_norte,CAMPAIGN_03,350.000000000,311.423665625,-67.045652247
PN-C03-008,DS02,pampa_norte,CAMPAIGN_03,400.000000000,311.423665625,-67.045652247
PN-C03-008,DS02,pampa_norte,CAMPAIGN_03,445.301606372,311.423665625,-67.045652247
